Name	POS
쌀	NNG
을	JKO
씻	VV
어	EC
분	VX+ETM
정도	NNG
물	NNG
에	JKB
불려	VV+EC
둔다	VX+EC
멥쌀	NNG
과	JC
찹쌀	NNG
의	NNG
비율	NNG
로	JKB
사용	NNG
하	XSV
면	EC
좋	VA
습니다	EF
뚱	NNG
이랑	JKB
현미	NNG
랑	JKB
흑미	NNG
섞	VV
으면	EC
더	MAG
예뻐요	VA+EC
작	VA
은	ETM
뭉치	NNG
개	NNBC
은행	NNG
볶	VV
아	EC
껍질	NNG
벗긴다	VV+EC
불	NNG
중약	NNG
불로	NNG
줄인	VV+ETM
다음	NNG
물엿	NNG
이나	JC
올리고당	NNG
수저	NNG
넣	VV
고	EC
같이	MAG
주	VX
이	JKS
쉽	VA
게	EC
벗겨	VV+EC
집니다	VX+EF
그린	NNP
씨	NNB
엘	JKB+JKO
끓	VV
는	ETM
데치	VV
는데	EC
국자	NNG
를	JKO
둥글	VV
밀	VV
져요	VX+EF
기름기	NNG
없	VA
되	VV
요	EC
밥심	NNG
국력	NNG
으면서	EC
조금	MAG
어서	EC
주걱	NNG
숫가락	NNG
등	NNB
으로	JKB
저	VV
잘	MAG
밤	NNG
벗기	VV
대추	NNG
깨끗이	MAG
미리	MAG
색	NNG
변해요	VV+EF
담가	VV+EC
두	VX
세요	EP+EF
애	NNG
빼	VV
시	EP
나중	NNG
상	NNG
지	EC
않	VX
빼놓	VV
으세요	EC
생강	NNG
솔	NNG
구석	NNP
닦	VV
셔야	EP+EC
합니다	VX+EF
밥	NNG
짓	VV
다가	EC
한소끔	MAG
끓어오르	VV
잣	NNG
약한	VA+ETM
뜸	NNG
들인다	VV+EC
압력	NNG
밥솥	NNG
괜찮	VA
다시마	NNG
한	MM
조각	NNG
아요	EF
곰	NNG
택	NNG
먹	VV
기	ETN
제거	NNG
뒤	NNG
피안	NNG
화	XSN
쓰	VV
레시피	NNG
출처	NNG
조선	NNP
나	JC
호두	NNG
견과	NNG
류	XSN
오랫동안	NNG
익힐	VV+ETM
필요	NNG
가	JKS
다	EC
무르	VA
거나	EC
퍼질	VV+ETM
수	NNB
있	VV
으므로	EC
들	XSN
일	VCP+ETM
때	NNG
는다	EC
마른	VV+ETM
행주	NNG
후	NNG
냄비	NNG
바닥	NNG
깔	VV
슬	NNG
빼낸	VV+ETM
분량	NNG
배합	NNG
초	NNB
버무려	VV+EC
식힌다	VV+EC
묵	VV
할	VV+ETM
식초	NNG
몇	MM
방울	NNG
떨어트려	VV+EF
잡	XPN
냄새	NNG
밥맛	NNG
빵	NR
방방	NNG
다시다	NNP
이유	NNG
향	NNG
때문	NNB
인가	VCP+EC
암튼	MAJ
뭐	NP
든	VCP+EC
맛있	VA
어야	EC
대동	NNG
최고	NNG
표면	NNG
먼지	NNG
됐	VV+EP
싶	VX
신	XPN
승순	NNG
볼	NNG
계란	NNG
풀	VV
소금	NNG
간	NNG
프라이팬	NNG
식용유	NNG
두르	VV
지단	NNG
부친다	VV+EC
혼합	NNG
냉장고	NNG
한번	MAG
확인	NNG
해	XSV+EC
보	VX
맛살	NNG
잘라서	VV+EC
다지	VV
멸치	NNG
어도	EC
답니다	EC
좀	MAG
설탕	NNG
녹	NNG
까지	JX
끓였	VV+EP
식혀서	VV+EC
뜨거울	VA+ETM
살살	MAG
나무	NNG
자르	VV
듯이	EC
섞여	VV+EC
식	VV
약해	VA+EC
처음	NNG
약간	MAG
센	VA+ETM
듯	NNB
해야	XSA+EC
필승	NNG
가로	NNG
세로	NNG
도록	EC
자른다	VV+EF
땐	NNG+JX
따뜻	XR
에서	JKB
이때	NNG
손	NNG
부채	NNG
질	XSN
여	EC
식히	VV
면서	EC
언제나	MAG
웃음	NNG
버	VV
무	EC
릴	NNG
으깨	VV
버무리	VV
말	VX
선풍기	NNG
식혀	VV+EC
시용	NNG
앤	NNG+JX
령	NNG
너무	MAG
안	MAG
므로	EC
서로	MAG
달라붙	VV
요리	NNG
표고버섯	NNG
불린	VV+ETM
얇	VA
채	MAG
썰	VV
오이	NNG
돌려	VV+EC
깎	VV
부분	NNG
만	JX
당근	NNG
곱	VA
각각	MAG
한다	VV+EC
달걀	NNG
만든	VV+ETM
체	NNG
번	NNBC
걸러	VV+EC
줘야	VX+EC
알끈	NNG
전체	NNG
적	XSN
노란색	NNG
만들	VV
개인	NNG
취향	NNG
맛	NNG
매운	VA+ETM
고추	NNG
파	NNG
같	VA
걸	NNB+JKO
우유	NNG
부드럽	VA
고소	XR
해서	XSA+EC
긴	ETN+JX
한데	VX+EC
부서져	VV+EC
용각산	NNP
미나리	NNG
잎	NNG
떼	VV
소금물	NNG
데친	VV+ETM
기름	NNG
키친타월	NNG
묻혀	VV+EC
라이	NNG
씩	XSN
부	NNG
워	NNG
서	JKB
만드	VV
탱자	NNG
열매	NNG
팬	NNG
살짝	MAG
내	VX
한결	MAG
매끄럽	VA
진다	VX+EC
후라이팬	NNG
먼저	MAG
달군	VV+ETM
식혔	VV+EP
푸	VV
어요	EF
위	NNG
펴	VV
둔	VX+ETM
올리	VV
김밥	NNG
준	VX+ETM
한입	NNG
크기	NNG
마다	VV+EC
묶	VV
썬	VV+ETM
녹말	NNG
밀가루	NNG
찢	VV
진다고	VX+EC
던데요	EC
미술	NNG
키친	NNG
타올	NNG
낸	VX+ETM
부치	VV
것	NNB
읍니다	EC
오르간	NNG
부어서	VV+EC
뒤집	VV
아도	EC
양쪽	NNG
익	VV
개미	NNG
씽	MAG
손질	NNG
골뱅이	NNG
통조림	NNG
유동	NNG
샘	NNG
표	NNG
동원	NNG
유명	NNG
제품	NNG
가지	NNG
으나	EC
가장	MAG
싱싱	MAG
슈가	NNP
파이	NNG
바로	MAG
아니	VCN
라	EC
뜨거운	VA+ETM
위생	NNG
도	JX
줄	VX+ETM
거	NNB
꿍	MAG
야	JX
냠냠	MAG
두껍	VA
그렇	VA
다고	EC
써	VV
씹	VV
식감	NNG
망치	VV
더라구요	EF
적당히	MAG
맛나	VA
승규	NNP
맘마	NNG
없애	VV
깍둑썰기	NNG
반	NNG
갈라	VV+EC
어슷썰	VV
절여	VV+EC
셨	EP+EP
물기	NNG
꼭	MAG
짜	VV
아삭	MAG
오	NR
블	NNG
리비	NNG
아테	NNG
비추	NNG
입니다	VCP+EF
낫	VA
다는	ETM
생각	NNG
에요	EF
볶음	NNG
라니	VCP+EC
무슨	MM
인지	VCP+EC
원	NNG
매그넘	NNP
동그랗	VA
나온	VV+ETM
혹은	MAJ
칼	NNG
깍	VV
줘서	VX+EC
양파	NNG
와	JKB
깻잎	NNG
이것저것	NNG
보단	JKB+JX
기본	NNG
인	VCP+ETM
야채	NNG
은데요	EF
구요	EF
캔	VV+ETM
옥수수	NNG
톡톡	MAG
웅	NNG
레몬	NNG
즙	NNG
놓	VX
찬물	NNG
보다	JKB
훨씬	MAG
안녕	NNG
양념	NNG
재료	NNG
양념장	NNG
만든다	VV+EC
엔	JKB+JX
뭐니뭐니	MAG
해도	VV+EC
어울리	VV
과하	VA
많이	MAG
맛집	NNG
새콤	MAG
달콤	XR
전	MM
참고	NNG
쫑	NNG
토끼	NNG
최	XPN
쪽파	NNG
줍니다	VX+EF
마늘	NNG
다진	VV+ETM
자른	VV+ETM
골고루	MAG
버무린다	VV+EC
마세요	VX+EP+EF
려면	EC
대신	NNG
파프리카	NNG
피망	NNG
마지막	NNG
고춧가루	NNG
뿌려서	VV+EC
토	NNG
토스	NNG
무침	NNG
가루	NNG
더욱	MAG
준비	NNG
곁들여	VV+EC
낸다	VX+EC
심심	XR
고요	NNG
차	VV
삶	VV
소면	NNG
함께	MAG
정말	MAG
잇	VV
퍼	VV+EC
머	NP
라면	NNG
따로	MAG
아서	EC
사리	NNG
곰돌이	NNG
혹시	MAG
매울	VA+ETM
지도	NNG
모르	VV
니까	EC
배추	NNG
싸	VV
겠	EP
넌	NP+JX
짜장	MAG
난	VV+ETM
짬뽕	NNG
불린다	VV+EC
어여	EF
행복	NNG
우기	NNG
맘	NNG
결	NNB
반대	NNG
방향	NNG
뺀다	VV+EC
도톰	NNG
뭉개지	VV
담구	VV
쓴맛	NNG
해소	NNG
됩니다	XSV+EC
진	VX+ETM
이맘	NNG
콩나물	NNG
줘	VX+EC
굴	NNG
흐르	VV
헹군	VV+ETM
밭쳐	VV+EC
냅니다	VX+EF
숨	VV
은지	EC
농	NNG
엷	VA
제맛	NNG
잃	VV
참기름	NNG
자작	NNG
끓인다	VV+EC
감칠맛	NNG
납니다	VV+EC
꽃	NNG
완두콩	NNG
들기름	NNG
셔도	EP+EC
줄이	VV
얹	VV
무우	NNG
버섯	NNG
조선간장	NNG
부추	NNG
청양	NNG
대파	NNG
참	IC
새	MM
방앗간	NNG
단백	NNG
니	EC
깊	VA
달래	VV+EC
간장	NNG
심	EP+EC
드실	VV+EP+ETM
고슬고슬	MAG
그릇	NNG
담	VV
입	NNG
대로	JKB
담백	XR
나물	NNG
맛깔	XR
스럽	XSA
양념간장	NNG
진간장	NNG
장	NNG
청량	NNG
다져서	VV+EC
김	NNP
뿌려	VV+EC
보리쌀	NNG
동안	NNG
냉동	NNG
시켜	XSV+EC
었	EP
던	ETM
생선	NNG
쌀뜨물	NNG
시간	NNG
담궈	VV+EC
았	EP
구워	VV+EC
드	VX
비	VX
릿	EF
맨	MM
쌀밥	NNG
수수	NNG
건강	NNG
흰쌀	NNG
중금속	NNG
배출	NNG
데	NNB
도움	NNG
준다고	VV+EC
백미	NNG
찬양	NNG
겨	NNG
미	NNP
흔들	VV
찐	VV+ETM
어묵	NNG
두께	NNG
요즘	NNG
마트	NNG
봉지	NNG
영양소	NNG
파괴	NNG
덜	MAG
된다고	VV+EC
네요	EF
정수	NNG
헹궈	VV+EC
아조	MAG
밑동	NNG
짠	VV+ETM
다진다	VV+EC
아이	NNG
다져	VV+EC
으시	EP
어른	NNG
는다면	EC
지구	NNG
미지근	XR
설탕물	NNG
불리	VV
국물	NNG
국	NNG
찌개	NNG
가을	NNG
불려서	VV+EC
구수	XR
여울	NNG
굴밥	NNG
자체	NNG
고유	NNG
향미	NNG
떨	VV
뜨	VV
립니	NNP
표고	NNG
마찬가지	NNG
판야	NNG
끼	NNG
뺀	VV+ETM
여구	NNG
뿐	JX
깡	NNG
고려	NNG
다른	MM
날	VV+ETM
불렸	VV+EP
또	MAG
불릴	VV+ETM
을까요	EC
파란	VA+ETM
온도	NNG
조절	NNG
충분히	MAG
중요	NNG
마진	NNG
보리	NNG
굳이	MAG
다시	MAG
알	NNG
짝	MAG
제	NP
성격	NNG
받쳐서	VV+EC
탁탁	MAG
쳐서	VV+EC
이뿌니	NNP
지만	EC
굴국밥	NNP
팔	VV
더군요	EC
백파	NNG
컵	NNG
무나	NNP
채소	NNG
끓여	VV+EC
들일	VV+ETM
조아	NNG
살릴	VV+ETM
비벼	VV+EC
더블	NNG
에스프레소	NNG
된	VV+ETM
빨리	MAG
편	NNB
아여	MAG
오래	MAG
놔두	VV
수분	NNG
빠져	VV+EC
양푸	NNP
햄	NNG
사방	NNG
길	VA
멍울	NNG
없이	MAG
데쳐서	VV+EC
김치	NNG
단무지	NNG
상큼	XR
지여	NNG
몽	NNG
댁	NNG
미니	NNG
조린	NNP
우엉	NNG
몸	NNG
분가루	NNG
찢어지	VV
부쳐	VV+EC
실	EP+ETM
녹인	VV+ETM
그냥	MAG
해요	VX+EF
단촛물	NNG
상태	NNG
생기	VV
단거	NNG
꾹꾹	MAG
눌러서	VV+EC
바르	VV
누르	VV
퍼져서	VV+EC
케익	NNG
요리사	NNG
며	EC
배	VV
밥알	NNG
살	VV
앞뒤	NNG
구워낸다	VV+EC+VX+EF
여러	MM
한다면	XSV+EC
물론	MAG
됨	VV+ETN
알싸	XR
좋아하	VV
신다면	EP+EC
겨자	NNG
매콤	XR
그걸	NP+JKO
기술	NNG
죠	EF
못	MAG
거든요	EF
무시	VA
라예	EF
가량	NNG
잘라	VV+EC
김발	NNG
평평	XR
준다	VX+EC
힘	NNG
눌러	VV+EC
져서	VX+EC
사미인곡	NNG
깨소금	NNG
오물	NNG
조물	NNG
무쳐서	VV+EC
노란	VA+ETM
보라	NNP
빛	NNG
앞치마	NNG
절인	VV+ETM
또는	MAJ
질리	VV
찰랑	MAG
소녀	NNG
당겨	VV+EC
완성	NNG
모양	NNG
예쁘	VA
영양	NNG
자신	NNG
다면	EC
쩡	MAG
맞	VV
씹히	VV
달구	VV
둘러	VV+EC
약	NNG
윗면	NNG
올려	VV+EC
돌돌	MAG
완전히	MAG
익힌다	VV+EF
남	VV
부쳐서	VV+EC
계란말이	NNG
처럼	JKB
오케이	IC
깔끔	XR
사각	MAG
쭈랭모	UNKNOWN
감자	NNG
자잘	XR
크	VA
제격	NNG
김치볶음밥	NNG
참치	NNG
쫀득쫀득	MAG
색깔	NNG
지니	EC
아빠	NNG
육수	NNG
버터	NNG
마가린	NNG
올리브유	NNG
더욱더	MAG
셔서	EP+EC
어느	MM
고추장	NNG
하나	NR
돌	NNG
찬	VV+ETM
이용	NNG
채반	NNG
펼쳐	VV+EC
날리	VV
끈기	NNG
질척	XR
해져요	XSA+EC+VX+EF
모	NP
치즈	NNG
매우	MAG
그러나	MAJ
질퍽	XR
해질	XSA+EC+VX+ETM
느끼	XR
해집니다	XSA+EC+VX+EF
후춧가루	NNG
맞추	VV
프라이	NNG
실파	NNG
모차렐라	NNP
끼얹	VV
예열	NNG
오븐	NNG
이쁘	VA
큰	VA+ETM
그리고	MAJ
그	MM
깨	VV
버럭	NNG
쟁이	XSN
했	XSV+EP
열기	NNG
슴다	EF
약하	VA
위해	VV+EC
하늘	NNG
네	XSN
소고기	NNG
에다	JKB
도시락	NNG
손색없	VA
초밥	NNG
아침	NNG
고기	NNG
두꺼운	VA+ETM
줄기	NNG
짠맛	NNG
밑간	NNG
내용물	NNG
백	NR
백김치	NNG
다르	VA
나쁘	VA
제육볶음	NNG
오징어	NNG
가위	NNG
구여	NNG
싼	VA+ETM
웨	NNG
된장	NNG
동	NNBC
쥔	VV+ETM
칫	IC
장식	NNG
파로	NNG
쪄	VV+EC
보장	NNG
차갑	VA
속	NNG
털	VV
술	NNG
맛소금	NNG
될	VV+ETM
울	VV+ETM
홈	NNG
우리	NP
항상	MAG
즐겨	VV+EC
힘든	VA+ETM
퓨전	NNG
여기	NP
모를	VV+ETM
찾	VV
십	NR
리	NNBC
성분	NNG
많	VA
높	VA
쇠고기	NNG
달궈진	VV+EC+VX+ETM
아야	EC
첨가	NNG
신경	NNG
써도	VV+EC
떡	NNG
싫	VA
해물	NNG
소스	NNG
냠	MAG
순	NNG
무엇	NP
너	VV
는지	EC
뎅	MAG
흐트러지	VV
오므려	VV+EC
가운데	NNG
완전	MAG
덩어리	NNG
끈	NNG
파내	VV
거기	NP
힘들	VA
뭉쳐	VV+EC
폼	NNG
공주	NNG
군내	NNG
하루	NNG
이틀	NNG
궜	UNKNOWN
확실	XR
넓	VA
양배추	NNG
근대	NNG
데쳐	VV+EC
찜통	NNG
찐다	VV+EC
다니	EC
아이디어	NNG
십자	NNG
익히	VV
다솜	NNP
봄동	NNG
오른	VV+ETM
쪄서	VV+EC
향기	NNG
찌	VV
깜찍	XR
저기	NP
라고	EC
모두	MAG
재워	VV+EC
돼요	VV+EF
불고기	NNG
테	NNB+VCP
니아	EC
두부	NNG
숙주	NNG
만두	NNG
색다른	VA+ETM
시도	NNG
익힘	VV+ETN
인분	NNG
맞춘다	VV+EC
유지니	NNP
두를	VV+ETM
구	EC
내게	NP+JKB
솜	NNG
산	NNG
포도	NNG
유가	NNG
등등	NNB
찍	VV
사랑	NNG
겹쳐	VV+EC
줘도	VX+EC
양송이	NNG
느껴	VV+EC
풍미	NNG
함	XSA+ETN
매운맛	NNG
겟	EP
치알	NNG
사	VV
비벼도	VV+EC
산뜻	XR
어용	EC
본	VV+ETM
이미	MAG
준비물	NNG
잖아요	EF
떨어뜨리	VV
잊	VV
마시	VV
으니	EC
한잔	NNG
곁들	VV
으니까요	EC
상추	NNG
양상추	NNG
이전	NNG
그래야	MAJ
참새	NNG
재미	NNG
호박잎	NNG
대체	MAG
식품	NNG
짱	NNG
동글	VA
빚	VV
올려놓	VV
밥물	NNG
치아	VV+EC
젓갈	NNG
명란젓	NNG
올려도	VV+EC
다양	XR
생식	NNG
그대로	MAG
뜯	VV
은데	EC
직전	NNG
뿌린다	VV+EC
어두	EC
쌈장	NNG
음	ETN
더라구여	EF
이런	MM
뱃살	NNG
양지머리	NNG
걷	VV
깨끗히	MAG
소주	NNG
커피	NNG
언니	NNG
마물	NNG
지으	VV+EP
윤기	NNG
콩	NNG
사과즙	NNG
부드러워	VA+EC
안심	NNG
분간	NNG
육	NR
회	NNBC
엉덩이	NNG
보이	VV
나요	EC
지방	NNG
용	XSN
부위	NNG
신선	XR
구하	VV
사람	NNG
위험	NNG
으니까	EC
으셔도	EP+EC
이정주	NNP
청포묵	NNG
비슷	XR
노른자	NNG
흰자	NNG
분리	NNG
조물조물	MAG
뜨거워서	VA+EC
아늑	XR
고사리나물	NNG
호박	NNG
원추리	NNG
냉이	NNG
취나물	NNG
돌나물	NNG
국간	NNG
간하	VV
고사리	NNG
도라지	NNG
두른	VV+ETM
예전	NNG
허브	NNG
비빔밥	NNG
던데	EC
이렇게	MAG
자식	NNG
봄	NNG
느낌	NNG
비비	VV
싱거워	VA+EC
쫑쫑	MAG
달래장	NNG
무칠	VV+ETM
무쳐	VV+EC
고루	MAG
달걀지단	NNG
이모	NNG
녹두	NNG
일어	NNG
건진	NNB+VCP+ETM+NNB+JX
붓	VV
푹	MAG
수준	NNG
거르	VV
티	NNG
골라	VV+EC
발상	NNG
전환	NNG
양	NNG
벗겨지	VV
건져	VV+EC
넉넉히	MAG
믹서	NNG
갈	VV
죽	NNG
전날	NNG
편해요	VA+EF
윗	MM
쌀알	NNG
퍼지	VV
앙금	NNG
그럼	MAJ
맑	VA
윗물	NNG
우선	MAG
끓이	VV
가라앉	VV
재차	MAG
라는	ETM
얘기	NNG
웃	VV
밑	NNG
대	XSV
받	VV
인가요	VCP+EC
버리	VV
란	ETM
뜻	NNG
마	VX+EC
눌	VV
걸러서	VV+EC
한참	MAG
된답니다	VV+EF
대추채	NNG
고명	NNG
띄워	VV+EC
기호	NNG
따라	VV+EC
달	VX
으며	EC
단맛	NNG
느낄	VV+ETM
진이	NNG
천일염	NNG
빻	VV
화학	NNG
팥	NNG
깨끗	XR
겉껍질	NNG
영양분	NNG
대요	EC
뒹구	VV
르	NNG
담갔	VV+EP
줄어들	VV
후이	IC
벌레	NNG
골라서	VV+EC
냉동실	NNG
보관	NNG
쿄	MAG
팥물	NNG
버린다	VX+EC
다소	MAG
단축	NNG
설사	NNG
으셔야	EP+EC
아깝	VV
량	NNG
팥알	NNG
은근히	MAG
뒀	VX+EP
한소	NNG
큼	VA+ETN
끓인	VV+ETM
는답니다	EF
익힌	VV+ETM
분쇄기	NNG
은아	NNG
인절미	NNG
네모나	VA
굳힌	VV+ETM
석쇠	NNG
부풀	VV+ETM
굽	VV
쌀가루	NNG
든지	EC
새알심	NNG
으려면	EC
시중	NNG
나와	VV+EC
찹쌀가루	NNG
국산	NNG
체리	NNG
나머지	NNG
농축	NNG
단팥	NNG
즉	VV
운	EC
단	VA+ETM
줘요	VX+EF
젖	VV
가장자리	NNG
칼집	NNG
낼	VV+ETM
미역	NNG
주방	NNG
티슈	NNG
꽁지	NNG
버린	VX+ETM
느타리	NNG
팽이버섯	NNG
밑둥	NNG
송이버섯	NNG
양송이버섯	NNG
슬라이스	NNG
말린	VV+ETM
영양가	NNG
만점	NNG
그런	MM
건	NNB+JX
이상	NNG
다듬	VV
송송	MAG
곁들인다	VV+EF
청	NNG
양초	NNG
닭고기	NNG
적당	XR
토막내	VV
저민	VV+ETM
살코기	NNG
뼈	NNG
카레	NNG
설명	NNG
강황	NNG
오스틴	NNP
꺼	NNB+VCP
화이트	NNP
와인	NNG
궜다가	UNKNOWN
조리	NNG
경우	NNG
은은	XR
뛰어납니다	VA+EF
꼬리	NNG
헹궈야	VV+EC
안경	NNG
거품	NNG
사실	MAG
귀찮	VA
데리	VV
익혀서	VV+EC
절였	VV+EP
체반	NNP
받쳐	VV+EC
가끔	MAG
부르	VV
러	EC
우	VV
닭	NNG
아스	VV
삭힌	VV+ETM
진파	NNG
원하	VV
캡사이신	NNG
아주	MAG
담아낸다	VV+EF
비닐장갑	NNG
낀	VV+ETM
김자반	NNG
뿌리	VX
디오피	NNG
난민	NNG
치	XSN
별	NNG
따	VV
자	EC
청주	NNG
겸	NNB
댕	MAG
집	NNG
비빌	VV+ETM
잡곡	NNG
색색	NNG
뽀	MAG
수호	NNG
천	NR
검은깨	NNG
터지	VV
날개	NNG
끝	NNG
한쪽	NNG
발라	VV+EC
붙	VV
저며서	VV+EC
한단	VX+ETM
아닌가요	VCN+EC
들어가	VV
손잡이	NNG
즐거운	VA+ETM
식탐	NNG
조림	NNG
조린다	VV+EF
으셔서	EP+EC
께	JKB
재웠	VV+EP
비린내	NNG
봉	NNG
랩	NNG
적당량	NNG
펼친	VV+ETM
감싼다	VV+EF
중	NNB
특히	MAG
한국	NNP
선호	NNG
외	NNB
직접	MAG
자기	NP
딱딱	XR
해지므로	XSA+EC
얌생이	NNG
일어나	VV
얻	VV
엄마	NNG
쫄깃	XR
쯤	XSN
다이어트	NNG
음식	NNG
인데	VCP+EC
타	VV
목적	NNG
뜬	VV+ETM
이거	NP
복잡	XR
한데요	XSA+EC
아닌	VCN+ETM
스타	NNG
기에	EC
유나	NNG
부어	NNG
쑤	VV
썩	VV
걸리	VV
알려다	VV+EC+VX
센불	NNP
금방	MAG
으론	JKB+JX
걸쭉	XR
묽	VA
인사이드	NNG
가슴살	NNG
진하	VA
치킨	VV+ETM
스톡	NNG
닭살	NNG
가늘	VA
알갱이	NNG
첨가물	NNG
역할	NNG
한답니다	VV+EF
미인	NNG
끓일	VV+ETM
통마늘	NNG
누린	VV+ETM
사라지	VV
대구	NNP
어슷	XR
앞쪽	NNG
폭	NNG
좁	VA
뾰족	MAG
빛깔	NNG
갈색	NNG
배쪽	NNP
산산	XR
물물	NNG
우러나	VV
우려	VV+EC
끊이	VV
건더기	NNG
바지락	NNG
우려내	VV
시원	XR
끊	VV
경	NR
우려낸	VV+ETM
멸	NNG
흰	VA+ETM
예요	EC
츠	IC
걸죽해	VA+EC
사진	NNG
뚜	MAG
루	JKB
쓸	VV+ETM
떨어뜨려	VV+EC
삭	VV
맞춰	VV+EC
드세요	VV+EP+EC
줄리엣	NNP
크림	NNG
숫	NNG
운김	NNG
하늘하늘	MAG
바이올렛	NNP
돼지고기	NNG
쿠키	NNG
익혔	VV+EP
부드러운	VA+ETM
저며	VV+EC
훼리니아	UNKNOWN
각종	NNG
종류	NNG
쫀득	XR
생	XPN
땅콩	NNG
통째	NNG
새우	NNG
중국	NNP
전통	NNG
빠지	VV
서운	XR
추가	NNG
반찬	NNG
곁들일	VV+ETM
대부분	NNG
라임	NNG
나라	NNG
장어	NNG
베이스	NNG
대나무	NNG
바나나	NNG
어디	NP
려구요	EC
왠	MM
연	NNG
유익	XR
앞	NNG
실로	MAG
재래	NNG
시장	NNG
약재	NNG
곳	NNG
구입	NNG
상자	NNG
지요	EF
찰밥	NNG
한층	MAG
정성	NNG
헝그리	NNP
우먼	NNG
전자레인지	NNG
찜	NNG
기능	NNG
간단	XR
아무래도	MAG
제대로	MAG
전자	NNG
렌지	NNG
서요	EP+EC
애호박	NNG
반달썰기	NNG
돌솥	NNG
담가서	VV+EC
맛없	VA
건져서	VV+EC
겉	NNG
흡수	NNG
으신	EP+ETM
등분	NNG
무친	VV+ETM
무를	VV+ETM
무나물	NNG
탱	MAG
글	NNG
오렌지	NNG
부드러울	VA+ETM
정	NNG
여주	NNG
댝	UNKNOWN
요번	NNG
시래기	NNG
봤	VX+EP
더니	EC
더라고요	EC
닮	VA
짱짱	MAG
시금치	NNG
데칠	VV+ETM
더운물	NNG
다섯	NR
숟갈	NNG
풋내	NNG
베	VV
햇살	NNG
캔디	NNG
떫	VA
십니다	EP+EF
담궈서	VV+EC
하이	IC
쓴	VV+ETM
담그	VV
스푼	NNG
검	VA
주의	NNG
죽인	VV+ETM
들깨	NNG
소다	NNG
버릴	VX+ETM
궜다	UNKNOWN
시든	VV+ETM
살아난	VV+ETM
려다	EC
우둔살	NNG
연하	VA
위해서	VV+EC
콜라	NNG
어떻게	MAG
후추	NNG
드신	VV+EP+ETM
드셔도	VV+EP+EC
미선	NNG
마구	MAG
부수	VV
부숴진	VV+ETM
뿌	VX
팩	NNG
뜨겁	VA
비빈다	VV+EC
모든	MM
이요	JX
걍	UNKNOWN
지나	EC
눌어붙	VV
한술	NNG
소쿠리	NNG
잠길	VV+ETM
사포닌	NNG
땜	NNB
첫물	NNG
아님	MAJ
끓여야	VV+EC
만큼	NNB
압력솥	NNG
명종	NNG
걸릴	VV+ETM
슈	EP+EC
플	VX+ETM
레스	NNP
전라도	NNP
에선	JKB+JX
칼국수	NNG
별미	NNG
계속	MAG
맛난	VA+ETM
반죽	NNG
지름	NNG
팥죽	NNG
별로	MAG
에게	JKB
저어야	VV+EC
아파요	VA+EF
튀	VV
오르	VV
조심	NNG
새알	NNG
겨울날	NNG
사쿠	NNP
떠오르	VV
팥빙수	NNP
활용	NNG
무척	MAG
익반죽	NNG
맞춘	VV+ETM
내린다	VV+EC
한꺼번에	MAG
송	NNP
각자	MAG
독	NNG
배변	NNG
옴아	NNG
모카	NNP
으깬	VV+ETM
오히려	MAJ
망	NNG
주무르	VV
단단	XR
쉬워요	VA+EF
해야지	VV+EC
거즈	NNG
삐져	VV+EC
나와요	VV+EF
둘째	NR
피클	NNG
텁텁	XR
느껴져요	VV+EC+VX+EF
오디	IC
으니깐	EC
여우	NNG
벗겨서	VV+EC
눈	NNG
맵	VA
찬밥	NNG
농도	NNG
맛술	NNG
영	NNG
양면	NNG
부침	NNG
바삭	MAG
님	XSN
에이엠	NNG
떠서	VV+EC
노릇노릇	MAG
지져	VV+EC
어차피	MAG
엄	IC
헝	MAG
힝	MAG
모둠	NNG
케일	NNG
치커리	NNG
비싸	VA
쑝쑝대왕비	UNKNOWN
촛물	NNG
갓	VA
농약	NNG
말끔히	MAG
포항	NNP
섬	NNG
해초	NNG
달달	MAG
헹군다	VV+EF
푸른	VA+ETM
선명	NNG
해져서	XSV+EC+VX+EC
음직	EC
성장기	NNG
헹구	VV
싱겁	VA
으실	EP+ETM
유리	NNG
저희	NP
자연	NNG
및	MAJ
쌈	NNG
덩이	NNBC
흑임자	NNG
니까요	EF
쾨쾨	XR
붉	VA
계열	NNG
예쁠	VA+ETM
삼	NR
나용	NNG
마요네즈	NNG
경험	NNG
왕눈이	NNG
연근	NNG
짭쪼	UNKNOWN
롬	NNG
핫소스	NNP
쌈밥	NNG
뭉쳐서	VV+EC
이뻐요	VA+EF
방울토마토	NNG
다릅니다	VA+EC
남겨	VV+EC
믹	NNG
서기	NNG
둑	NNG
강판	NNG
간다	VX+EF
넉넉	XR
중간	NNG
보충	NNG
통깨	NNG
도날드	NNP
재워둔다	VV+EC+VX+EC
만나	VV+EC
매실	NNG
갖	VV
념	UNKNOWN
재	VV
목이버섯	NNG
상관	NNG
풋고추	NNG
길이	NNG
흙	NNG
아랫부분	NNG
거꾸로	MAG
불순물	NNG
셔	EP+EC
니당	EF
보노	NNP
투명	NNG
최대한	MAG
미르	NNG
깜장	NNG
천사	NNG
싯	NNP
죽순	NNG
빈틈	NNG
녹말가루	NNG
마무리	NNG
비롯	XR
광	XSN
익혀	VV+EC
스며들	VV
쏘	NNP
화살표	NNG
양손	NNG
그렇게	MAG
씻겨	VV+EC
나가	VX
세	MM
맵쌀	NNG
갖가지	NNG
이외	NNG
배일	NNG
으라고	EC
배웠	VV+EP
도구	NNG
분쇄	NNG
트리플	NNP
레인보우	NNP
죽이	VV
봐	VV+EC
모자란	VV+ETM
핑크	NNP
페코	NNP
차가운	VA+ETM
부으면	VV+EC
부시	NNP
조미료	NNG
가쓰오부시	NNP
갈거나	VV+EC
노인	NNG
주로	MAG
씁니다	VV+EC
얼짱	NNP
뚱뚱	NNG
인공	NNG
감	XSN
료	NNG
천연	NNG
이유식	NNP
써서	VV+EC
선생	NNG
부어도	VV+EC
현	MM
올려준다	VV+EC+VX+EC
봄철	NNG
곁들이	VV
핏물	NNG
오메가	NNG
러지	EF
동맥	NNG
경화	NNG
혈전	NNG
촉진	NNG
시킵니다	XSV+EF
아스파라긴산	NNG
정리	NNG
접시	NNG
파랑새	NNG
느타리버섯	NNG
강한	VA+ETM
유부	NNG
납작	XR
노릇	NNG
부친	VV+ETM
유	NNP
뷰	NNP
세트	NNG
그때	NNG
제철	NNG
미쳐	VV+EC
향긋	XR
북어	NNG
잠깐	MAG
가시	NNG
하구	JKB
쫘	MAG
세여	EP+EF
역시	MAJ
황태	NNG
저렴	XR
가격	NNG
몫	NNG
끓여서	VV+EC
국을	NNG
포토	NNG
굵	VA
홍고추	NNG
팽이	NNG
무순	NNG
환상	NNG
궁합	NNG
강할	VA+ETM
국밥	NNG
빠져서	VV+EC
내기	NNP
스	XSN
떄	UNKNOWN
아이비아이	NNG
커	VA+EC
품	NNG
거두	VV
준우	NNG
할머니	NNG
깐	VV+ETM
칵테일	NNG
사발	NNG
횽즈	UNKNOWN
누룽지	NNG
끓여도	VV+EC
어울립니다	VV+EF
푼	VV+ETM
위스키	NNG
내리	VV
검은색	NNG
걸로	NNB+JKB
소보	NNG
파슬리	NNG
만두피	NNG
주먹밥	NNG
방법	NNG
내려	VV+EC
면보	NNG
보로	NNG
힘드	VA
잔멸	NNG
꼬치	NNG
쪽	NNB
내장	NNG
옅	VA
쑤시	VV
금새	MM
째	XSN
마디	NNG
딸려	VV+EC
나옵니다	VV+EF
필	UNT
캣	NNP
생새우	NNG
절구	NNG
띤	VV+ETM
거의	MAG
가능	NNG
내서	NNG
으	EP
싱	NNP
눌러붙	VV
융	NNG
걸죽	XR
빨간색	NNG
초록색	NNG
어우러져	VV+EC
국선	NNG
엑기스	NNG
갖은	MM
녹차	NNG
만득	NNG
마누라	NNG
소량	NNG
초코	NNP
그람	MAJ
젤	MAG
뭉칠	VV+ETM
김칫국	NNG
나오	VV
후리	NNG
케	NNP
묻힌	VV+ETM
그래도	MAJ
가득	MAG
뭍	NNG
혀	XSV+EC
오픈	NNG
하트	NNG
붙여	VV+EC
애플	NNP
껌	NNP
댄다	EC
금	MAJ
똘똘	MAG
기쁨	NNG
짜내	VV
관건	NNG
피그	NNG
뚝딱	MAG
먼	VA+ETM
압착	NNG
샐러드	NNG
래요	EC
카	MAG
놀	VV+ETM
라유	NNG
물장수	NNG
알루미늄	NNG
호일	NNG
깐다	VV+EF
나왔	VV+EP
웰빙	NNP
섞이	VV
도로	MAG
싼다	VV+EC
말리	VV
이쑤시개	NNG
꽂	VV
낳	VV
해두	VV+EC
딱	MAG
술안주	NNG
뚜껑	NNG
덮	VV
굴리	VV
알맞	VA
익혀도	VV+EC
입혀	VV+EC
늘	MAG
가볍	VA
끈끈	XR
피자	NNG
군데군데	NNG
두드려	VV+EC
오그라들	VV
꼬지	NNG
구워낸	VV+EC+VX+ETM
내심	NNG
잣가루	NNG
코스트코	NNP
호주	NNP
샤브샤브	NNP
팝	NNG
덮밥	NNG
내외	NNG
과일	NNG
재우	VV
드러	VV
육질	NNG
흐	IC
딜리	NNP
셧	EP+EP
키위	NNG
죽여	VV+EC
어린이	NNG
한테	JKB
다구	EC
팬더	NNP
당면	NNG
맛볼	VV+ETM
퍽퍽	XR
질겨	VA+EC
소불고기	NNG
예쁜	VA+ETM
가요	NNG
듭니다	UNKNOWN
져	EC+VX+EC
오랜	VA+ETM
사라져요	VV+EC
지저분	XR
토리	NNP
샤	NNP
부샤	NNP
튀어나오	VV
끄	VV
들어갔	VV+EP
보여요	VV+EC
식힌	VV+ETM
간한다	VV+EF
판사	NNG
잉	NNG
손가락	NNG
아삭아삭	MAG
일반	NNG
뿌려준	VV+EC+VX+ETM
배추김치	NNG
겹	NNG
만드셔	VV+EP+EC
쇠	VV
구운	VV+ETM
쿠	MAG
킹	MAG
쌓	VV
웃음보	NNG
나간	VV+ETM
어울려요	VV+EF
별도	NNG
제공	NNG
차조	NNG
까	VV+EC
물질	NNG
포인트	NNG
수삼	NNG
앞부분	NNG
걱정	NNG
앉혀	VV+EC
들이	VV
꿀	NNG
홍	NNG
시기	NNG
과정	NNG
생략	NNG
퍼져요	VV+EF
아오	NNG
파릇	XR
물컹	XR
가쓰오	NNP
브	NNP
우려낸다	VV+EF
겉면	NNG
묻	VV
하얀	VA+ETM
시작	NNG
꺼주	VV
특유	NNG
점성	NNG
끈적	XR
다져도	VV+EC
홍합	NNG
유로	NNG
일본	NNP
나을	VA+ETM
브로	NNP
컬리	NNP
즐기	VV
공상	NNG
한식	NNG
에꾸	IC
유메	NNP
내일	MAG
오늘	MAG
저녁	NNG
살려서	VV+EC
원래	MAG
하얗	VA
천재	NNG
닿	VV
상하	VV
다지기	NNG
작동	NNG
설	VV
손톱	NNG
방망이	NNG
부순다	VV+EC
라도	VCP+EC
옹	NNG
도깨비	NNG
방망	NNG
헤즐	NNP
넛	NNP
에다가	JKB
뽀얗	VA
타지	VV
파랑	NNG
배어들	VV
열무김치	NNG
옛날	NNG
부터	JX
갠	NNG
무치	VV
열무	NNG
버섯볶음	NNG
채우	VV
누린내	NNG
전분	NNG
젓가락	NNG
살려	VV+EC
준답니다	VX+EF
약고추장	NNG
보리밥	NNG
냉면	NNG
국수	NNG
일석이조	NNG
불려야	VV+EC
코	NNG
스메	NNG
틱	XSN
바른	VA+ETM
무화과	NNG
올라오	VV
오미자	NNG
년	NNBC
로렌스	NNP
빌	NNP
짭조름	XR
미네랄	NNG
쏘옥	MAG
손바닥	NNG
절반	NNG
두어	MM
기타	NNG
호박씨	NNG
올린다	VV+EC
고서	EC
오곡밥	NNG
다네요	EF
나올	VV+ETM
성수	NNG
거칠지	VV+EC
둡니다	VX+EF
지상	NNG
자취	NNG
입자	NNG
곡식	NNG
밭쳐서	VV+EC
에스엠	NNG
보통	NNG
저런	MM
오곡	NNG
아라	EC
솔솔	MAG
찰지	VV
문제	NNG
곡물	NNG
조	NNG
박박	MAG
문질러	VV+EC
들여	VV+EC
간편	XR
편하	VA
뚝뚝	MAG
떨어지	VV
즐길	VV+ETM
분정	NNG
생겨서	VV+EC
바글바글	MAG
우렁	NNG
삼겹살	NNG
구이	NNG
곁	NNG
요기	NP
구워서	VV+EC
쵸	NNG
멋	NNG
인생	NNG
틀려	VA+EF
따로따로	MAG
돈	NNG
바다	NNG
쥐	VV
명란	NNG
장아찌	NNG
이쁜	VA+ETM
틀	NNG
욱	NNG
빈	VV+ETM
살작	MAG
베이컨	NNG
파래	VA+EC
제제	NNP
보름달	NNG
방지	NNG
벗긴	VV+ETM
굵은소금	NNG
벗	NNG
신문지	NNG
뿡	MAG
불편	NNG
젼	NNG
강철	NNG
나비	NNG
옆	NNG
새싹	NNG
올려서	VV+EC
드셔	VV+EP+EC
반장	NNG
칼칼	XR
페블비치	NNP
소나기	NNG
당	XSN
뒤적여	VV+EC
끈다	VV+EC
분물	NNG
이카로스	NNG
소복이	MAG
달작지근	XR
햇님	NNG
아들	NNG
절약	NNG
스위트	NNG
콘	NNG
곧바로	MAG
사기	NNG
납	NNG
공기	NNG
밭	NNG
혀서	XSV+EC
대기	NNG
꾹	MAG
누른	VV+ETM
릉	NNG
시키	XSV
음식물	NNG
크레	NNP
갈지	VV+EC
샀	VV+EP
걸려	VV+EC
그런가	VA+EC
슴슴한	VA+ETM
빠져나가	VV
날씨	NNG
더운	VA+ETM
여름	NNG
의외	NNG
강해요	VV+EF
줄여	VV+EC
무도	NNG
애인	NNG
몰래	MAG
뚝배기	NNG
생겨요	VV+EF
짭짤	XR
듬뿍	MAG
개운	XR
드셔야	VV+EP+EC
온갖	MM
균	NNG
시들	XR
얼음물	NNG
살아나	VV
소독	NNG
돼	XSV+EC+VCP
참나물	NNG
고운	VA+ETM
급	NNG
할땐	XSV+ETM+NNG+JX
뭉근	XR
쉬워	VA+EC
검정깨	NNG
축구	NNG
소년	NNG
쪘	VV+EP
그러	VV
콩콩	MAG
무친다	VV+EF
열	VV
닫	VV
익기	NNG
답	XSA
물러져	VV+EC
행구	VV
연한	VA+ETM
질기	VA
사알짝	MAG
크리스티나	NNP
차례	NNG
비닐봉지	NNG
비벼서	VV+EC
반야	NNG
비빔	NNG
자작자작	MAG
타임	NNG
강된장	NNG
자라	VV
피	NNG
뽑	VV
긁	VV
덮개	NNG
토막	NNG
친다	VV+EC
대형	NNG
할인	NNG
특이	NNG
가마	NNG
냉수	NNG
룩	NNG
수고	NNG
부담	NNG
탕	NNG
반반	MAG
희아리	NNG
승표	NNG
고깔	NNG
유발	NNG
먹이	VV
잣죽	NNG
나누	VV
거칠	VA
알맹이	NNG
또한	MAJ
간혹	MAG
스마일	NNP
공	NNG
쥬	VCP+EF
우린	NP+JX
빠른	VA+ETM
원기	NNG
회복	NNG
늦	VA
끓여요	VV+EF
영화	NNG
장색	NNG
따라서	VV+EC
흰색	NNG
전복죽	NNG
주물러서	VV+EC
전복	NNG
숟가락	NNG
굵직	XR
환자	NNG
가실	VV+ETM
충분	XR
잠시	MAG
덮어두	VV
머리	NNG
게딱지	NNG
퍼진	VV+ETM
갈아준다	VV+EF
빠	NNP
넘	MAG
상당히	MAG
틈	NNG
사이	NNG
석회질	NNG
팍	MAG
통후추	NNG
돼지	NNG
봅니다	VX+EC
단향	NNG
낮춰	VV+EC
군	NNG
야채류	NNG
성공	NNG
탄생	NNG
목탁	NNG
염장	NNG
장국	NNG
누라	NNG
즈	XSN
치도	XSV+EC+JX
창공	NNG
싫어하	VV
볶음밥	NNG
빵가루	NNG
묻혀서	VV+EC
튀겨	VV+EC
따스	XR
데우	VV
재미나	VV
완자	NNG
튀기	VV
승	NNG
색감	NNG
튀김옷	NNG
파전	NNG
펜	NNG
시럽	NNG
하심	NNG
번거롭	VA
흑설탕	NNG
늘어붙	VV
절대	MAG
젓	VV
저절로	MAG
돌려주	VV
안정	NNG
튀김	NNG
찹	VA
스타드	NNP
까만	VA+ETM
윤	NNG
부드러워져	VA+EC+VX+EC
해루	NNG
생일상	NNG
배워	VV+EC
작업	NNG
반드시	MAG
발라내	VV
곶감	NNG
좁쌀	NNG
아래	NNG
내려가	VV
흘러	VV+EC
한두	MM
백설	NNG
여요	EF
데운	VV+ETM
와사비	NNG
아찌	NNG
기포	NNG
호이	MAG
고추냉이	NNG
비린	VA+ETM
실버	NNP
부인	NNG
부서지	VV
향도	NNG
생선회	NNG
은근	NNG
씩씩	XR
니깐	EC
염두	NNG
한국인	NNG
입맛	NNG
현주	NNG
완숙	NNG
내려놓	VV
쉬	VV
우니	EC
뭉친	VV+ETM
묻히	VV
띠	NNG
두른다	VV+EC
어찌하	VV
가여	NNG
쎈	VA+ETM
중심	NNG
게맛살	NNG
만다	NNP
비닐	NNG
씌워서	VV+EC
추천	NNG
쁩니다	UNKNOWN
콕	MAG
행군	NNG
유행	NNG
캐릭터	NNG
재밌	VA
집어넣	VV
뺄	VV+ETM
기울이	VV
간단히	MAG
간이	JKB
아기	NNG
조미	NNG
부셔	VV+EC
부숴	VV+EC
짝퉁	NNG
럭셔리	XR
철	NNG
분만	NNG
돌리	VV
벗길	VV+ETM
칼로리	NNG
일단	MAG
이것	NP
깡통	NNG
바꿔	VV+EC
해피	NNG
쿡	MAG
뽄하루	UNKNOWN
고추가	NNG
단호박	NNG
특별	NNG
만드실	VV+EP+ETM
매크로	NNG
짭쪼름한	UNKNOWN
먹통	NNG
더하	VV
위하	VV
짜낸	VV+ETM
빼내	VV
줘야지	VX+EF
마리	NNP
은정	NNG
충무김밥	NNP
심하	VA
삭히	VV
경상도	NNP
꼬들꼬들	MAG
생깁니다	VV+EF
새댁	NNG
액젓	NNG
해둔다	XSV+EC+VX+EC
뉴	NNG
거리	XSV
매	MM
실액	NNG
바쁘	VA
다로	NNP
마담	NNG
베리	NNG
통	NNG
콩가루	NNG
동그랑땡	NNG
내준다	VV+EF
땅	NNG
수북	NNG
콩나물국	NNG
적셔	VV+EC
내놓	VV
이건	NP+JX
장조림	NNG
보글보글	MAG
깨뜨려	VV+EC
플루크	NNG
다만	MAJ
겠죠	VX+EP+EC
뺐	VV+EP
설렁탕	NNG
해줘도	VX+EC+VX+EC
새우젓	NNG
식성	NNG
프린스	NNP
왜	MAG
무밥	NNG
통통	XR
잘못	MAG
이토	MAG
숙주나물	NNG
어우러지	VV
삷	NNG
데워	VV+EC
드레	NNG
망고	NNG
젤리	NNG
행	XSN
토속	NNG
셀	VV+ETM
전기밥솥	NNG
냄	NNG
육류	NNG
히	IC
얼려	VV+EC
어린	VA+ETM
목살	NNG
잡채	NNG
인다	VV+EC
헹궈서	VV+EC
생겨	VV+EC
랗	UNKNOWN
비볐	VV+EP
월	NNG
씬	NNB+JX
투	NR
키운	VV+ETM
눈물	NNG
담가야	VV+EC
뉴질랜드	NNP
안전	NNG
미국	NNP
식신	NNG
찟	IC
사셔서	VV+EP+EC
햇	VV+EP
바짝	MAG
말려	VV+EC
잔	NNG
돌려도	VV+EC
피쉬	NNP
자박	NNG
감칠	VV+ETM
어포	NNG
어릴	VA+ETM
초로	NNG
롱	NNG
그럴	VV+ETM
동량	NNG
훨	MAG
데쳐낸다	VV+EC+VX+EF
곧	VA
처리	NNG
세모	NNG
생강즙	NNG
다짐	NNG
양조간장	NNG
케레스	NNG
코레	NNG
션	EC
손님상	NNG
레이디	NNP
키조개	NNG
감한	VV+ETM
조개	NNG
해감	NNG
시켜야	VV+EC
머위	NNG
취	NNG
씀바귀	NNG
흐른	VV+ETM
풋마늘	NNG
링	NNG
각도	NNG
야들	XR
놈	NNB
태국	NNP
콜레스테롤	NNG
노폐물	NNG
타우린	NNG
천공	NNG
지기	NNG
그만	MAG
튀긴	VV+ETM
굿	NNG
잠	MAG
팅	IC
바보	NNG
풀어져서	VV+EC
중국식	NNP
춧기름	UNKNOWN
재빠르	VA
발효	NNG
플라	NNP
해산물	NNG
향신료	NNG
막힙니다	VV+EC
칠리	NNP
건조	NNG
간격	NNG
멍	MAG
해삼	NNG
기둥	NNG
꺼내	VV+EC
두터운	VA+ETM
생수	NNG
아몬드	NNG
호	NNBC
김건모	NNP
하고	JKB
어울릴	VV+ETM
늙	VV
뭉크	NNP
번거	XR
로울	XSA+ETM
조그맣	VA
편리	NNG
써요	VV+EC
때로	MAG
멥쌀가루	NNG
겨우	MAG
뭉쳐질	VV+EC+VX+ETM
달무리	NNG
가미	NNG
떠놓	VV
탄	VV+ETM
검은콩	NNG
율	XSN
갈아주	VV
밭친다	VV+EF
고운체	NNG
받치	VV
보드랍	VA
거든	EF
저으며	VV+EC
부어야	VV+EC
저어	IC
주세요	NNP
컷	NNP
슬로우	NNP
쿠커	NNP
뜨거워지	VV
확	MAG
서서히	MAG
튑니다	UNKNOWN
옷	NNG
얼굴	NNG
넘치	VV
알로에	NNP
매쉬	NNG
포테이토	NNG
셔요	EC
진영	NNG
수프	NNG
미사	NNG
려고	EC
노력	NNG
까진	JX+JX
안젤리나	NNP
쫄	VV+ETM
바람	NNG
휘핑크림	NNG
생크림	NNG
아닐까	VCN+EC
석	MM
뭉근히	MAG
수입	NNG
걸른	VV+ETM
브로콜리	NNG
비타민	NNG
로사	NNG
걸죽하	VA
양갱	NNG
들어간	VV+ETM
부숴서	VV+EC
크루통	NNG
띄운다	VV+EC
식빵	NNG
아무	MM
구우면	VV+EC
줄일	VV+ETM
긁어내	VV
그게	NP+JKS
도깨비방망이	NNG
돌린	VV+ETM
굵기	NNG
무시라	VA+EF
예	IC
가열	NNG
써야	VV+EC
아예	MAG
블랜더	NNG
고구마	NNG
아가	NNG
변비	NNG
야미	NNG
제일	MAG
슝	MAG
임	VCP+ETN
여사	NNG
석류	NNG
액	NNG
가슴	NNG
잡힐	VV+ETM
자극	NNG
물러	VA+EC
푼다	VV+EC
루가	NNG
브라운	NNP
랍니다	VCP+EC
싱거울	VA+ETM
어울어지	VV
티라미수	NNP
화이트소스	NNG
꾼	XSN
자리	NNG
황금	NNG
스프	NNG
력	NNG
멘지스	NNP
왠만	XR
진한	VA+ETM
희	NNG
핑	NNG
천천히	MAG
냄새나	VV
드라구요	EF
동이	NNG
사태	NNG
빨간	VA+ETM
무로	NNG
쫄리	VV
샐러리	NNP
슷썬다	UNKNOWN
토마토	NNG
페이스트	NNG
신맛	NNG
다니깐요	EF
케첩	NNG
홀	NNP
우스터소스	NNG
월계수	NNG
샤워	NNG
천지	NNG
무용	NNG
메주콩	NNG
반나절	NNG
알레르기	NNG
개월	NNBC
아토피	NNG
끓어오를	VV+ETM
넘칠	VV+ETM
지켜보	VV
탄력	NNG
메주	NNG
비리	VA
졌	VX+EP
체크	NNG
정사각형	NNG
걸르	VV
용이	XR
말려서	VV+EC
시각	NNG
팽	NNG
덜할	VA+ETM
어떤	MM
녹여서	VV+EC
균형	NNG
끊여	VV+EC
궈	NNP
방심	NNG
버려요	EC+VX+EF
저으	VV+EP
풍부	XR
피부	NNG
몽글몽글	MAG
끕니다	VV+EF
반달	NNG
형	XSN
주위	NNG
닭발	NNG
백숙	NNG
삼계탕	NNG
모아	VV+EC
네여	EF
주사위	NNG
베어울프	NNG
녹이	VV
는데요	EC
차라리	MAG
데울	VV+ETM
먹음직	XR
스러운	XSA+ETM
함게	MAG
베이비	NNG
구할	VV+ETM
밖에	JX
마카로니	NNG
어떨까	VA+EC
사골	NNG
양지	NNG
뽀얀	VA+ETM
네모지	VA
익혀야	VV+EC
큼직	XR
내주	VV
원량	NNG
색소	NNG
염분	NNG
다량	NNG
으라는	ETM
어째	MAG+XSV+EC
솔트	NNG
정보	NNG
고마워요	VA+EC
반쪽	NNG
변하	VV
송이	NNG
핸드	NNG
이하늘	NNP
엉키	VV
갈고	NNG
소	XPN
믈	NNG
쉐	EC
체다	NNP
바게트	NNG
부셔서	VA+EC
줌	VX+ETN
찡	MAG
오므라이스	NNG
아트	NNG
물씬	MAG
토마토케첩	NNG
스파게티	NNG
지나치	VA
토마토소스	NNG
진해서	VV+EC
시판	NNG
볶은밥	NNG
접	VV
매끈	XR
폭신	XR
티스푼	NNG
세정제	NNG
망가지	VV
마이	MAG
페이스	NNG
따끈	XR
데운다	VV+EF
성질	NNG
깜짝	MAG
순간	NNG
세용	EP+EF
고무	NNG
점	NNG
더불	VV
씹힐	VV+ETM
즘	NNG
스러우	XSA
해준다	VV+EC+VX+EC
선달	NNG
을시	EC
최강	NNG
맥	NNG
희석	NNG
소식	NNG
이왕이면	MAG
흑	IC
탁해	VA+EC
피아	NNG
부드러움	VA+ETN
포크	NNG
시골	NNG
부드러워질	VA+EC+VX+ETM
나연	NNP
팡	NNP
나기	NNG
토스터	NNG
아이비	NNG
크래커	NNG
스팸	NNP
강해	VV+EC
사과	NNG
루츠	NNG
파인애플	NNG
단감	NNG
퐁당퐁당	MAG
오목	MAG
똑같	VA
일품	NNG
원할	VV+ETM
풀어놓	VV
파우더	NNG
고형	NNG
쏠	VV+ETM
트	NNG
건포도	NNG
제외	NNG
시켰	XSV+EP
녹아들	VV
해줘요	VX+EC+VX+EF
파스타	NNG
편합니다	VA+EF
냐	VCP+EF
씹혀	VV+EC
올	NNG
후루룩	MAG
문질러서	VV+EC
올리브	NNG
주스	NNG
오일	NNG
뚜뚜	MAG
데워서	VV+EC
루나	NNG
던지	EC
놔	VX+EC
가벼운	VA+ETM
이후	NNG
긋	EP
셀러리	NNG
장정	NNG
바질	NNG
온	VV+ETM
각	MM
색상	NNG
너비	NNG
더라도	EC
블럭	NNP
드라	EC
쏙쏙	MAG
주먹	NNBC
나눠	VV+EC
중앙	NNG
원통	NNG
튀길	VV+ETM
네모	NNG
사탕	NNG
튀겨낸다	VV+EC+VX+EF
을지	EC
스프레이	NNG
뿌린	VV+ETM
머스터드	NNG
쥬스	NNP
메	NNG
타입	NNG
머스터드소스	NNG
초보	NNG
잘라져	VV+EC+VX+EC
칼질	NNG
스피드	NNP
로즈마리	NNP
어려우	VA
그릴	NNG
레	JKS
플라워	NNP
번갈	VV
브로일러	NNG
식욕	NNG
돋구	VV
까망	NNG
밍키	NNP
씻기	VV
환경	NNG
몽울	NNG
날려	VV+EC
욤	NNP
급하	VA
지장	NNG
보여서	VV+EC
곤약	NNG
흰자위	NNG
어면	EC
혈압	NNG
상승	NNG
건가요	NNB+VCP+EC
대표	NNG
매번	MAG
근데	MAJ
닭다리	NNG
근	NNG
엉기	VV
가라앉힌	VV+ETM
졸이	VV
정원	NNG
반숙	NNG
덥	VA
돈부리	NNG
달짝지근	XR
미림	NNG
친	VV+ETM
올림	VV+EC
얼마나	MAG
신기	XR
발	NNG
내미	NNG
논	EC
고등어	NNG
절인다	VV+EF
일찍	MAG
포	NNG
추이	NNG
보입니다	VV+EC
금양	NNG
절이	VV
고등	NNG
어살	NNG
담근다	VV+EC
며칠	NNG
저장	NNG
절	NNG
누른다	VV+EC
초반	NNG
의미	NNG
숫자	NNG
소주잔	NNG
계량	NNG
뒷면	NNG
올린	VV+ETM
껴	VV+EC
쌉쌀	XR
연어	NNG
저민다	VV+EF
이왕	MAG
닭고기덮밥	NNG
다이어트식	NNG
재운	VV+ETM
주황색	NNG
뻑뻑	XR
랭	NNG
쯔	MAG
벌려서	VV+EC
덮히	VV
몽글	MAG
우스터	NNP
뿌려도	VV+EC
건새	NNG
가스	NNG
정육점	NNG
칠	NR
입힌	VV+ETM
냉장	NNG
밀착	NNG
겹치	VV
돈가스	NNG
거트	NNG
기름종이	NNG
촉촉	XR
담근	VV+ETM
까스	NNP
세팅	NNG
아보카도	NNG
쪼개	VV
겹쳐서	VV+EC
늘리	VV
만져	VV+EC
말랑	XR
가지런히	MAG
야구	NNG
금메달	NNG
남기	VV
구부러지	VV
끼워	VV+EC
래미	NNG
선택	NNG
랲	UNKNOWN
바깥	NNG
가지런	XR
일일히	MAG
예뻐	VA+EC
김초밥	NNG
풀어지	VV
톱질	NNG
유지	NNG
발라서	VV+EC
담아내	VV
락	NNG
교	NNG
식용	NNG
로고	NNG
세워서	VV+EC
해동	NNG
바닷물	NNG
염도	NNG
상온	NNG
아까	MAG
혼	NNG
구매	NNG
문어	NNG
쳐	VV+EC
몸통	NNG
넓적	XR
편다	VV+EC
적절	XR
못할	VX+ETM
두들긴	VV+ETM
얼려서	VV+EC
녹여	VV+EC
붙여서	VV+EC
횟감	NNG
판매	NNG
일회용	NNG
장갑	NNG
대리	NNG
느껴져서	VV+EC+VX+EC
섞인	VV+ETM
자주	MAG
재빨리	MAG
꼬	VV
절여서	VV+EC
뜬다	VV+EC
대한	VV+ETM
전혀	MAG
롤	NNG
짖	VV
밖	NNG
안쪽	NNG
공룡	NNG
바가지	NNG
힙	NNP
니다	NNP
분홍색	NNG
삼색	NNG
질감	NNG
비트	NNG
반듯	XR
유의	NNG
뭉개	VV
아까운	VA+ETM
가새	NNG
굉장히	MAG
어렵	VA
들러붙	VV
오이지	NNG
로운	XSA+ETM
흐물거리	VV
스크램블	NNG
잘라진	VV+EC+VX+ETM
되게	MAG
도미	NNG
윗부분	NNG
네모난	VA+ETM
용기	NNG
고체	NNG
형태	NNG
뭉게지	VV
동글동글	MAG
급속	NNG
급한	VA+ETM
수축	NNG
작용	NNG
훈제	NNG
기생충	NNG
요새	MAG
다임	NNG
떠	VV+EC
온기	NNG
떨어진	VV+ETM
케이퍼	NNP
홀스	NNP
래	NNP
디쉬	NNP
사이사이	NNG
강하	VA
으려고	EC
유자	NNG
폰즈	NNP
일식집	NNG
진액	NNG
쏟	VV
찰	VV+ETM
녹인다	VV+EF
만약	NNG
시켜서	VV+EC
닝닝	MAG
효소	NNG
나무통	NNG
세워	VV+EC
막	VV
단시간	NNG
속도	NNG
보리새우	NNG
비교	NNG
수산물	NNG
새로운	VA+ETM
뭉친다	VV+EC
본래	NNG
쏙	MAG
살며시	MAG
감싸	VV
차원	NNG
달라집니다	VV+EF
광어	NNG
아닙니다	VCN+EF
너덜	NNG
일정	NNG
중하	NNG
꼬챙이	NNG
모래	NNG
필히	MAG
갑오징어	NNG
달걀말이	NNG
건지	VV
칫솔	NNG
손쉽	VA
무즙	NNG
넓이	NNG
빠르	VA
튜브	NNG
나무젓가락	NNG
군요	EF
굴려	VV+EC
참깨	NNG
업진	NNG
청경채	NNG
늄	NNG
오믈렛	NNG
휘저	VV
응고	NNG
앗	EP
묵국	NNG
깨지	VV
정종	NNG
진짜	MAG
하지만	MAJ
나아요	VV+EF
내린	VV+ETM
수월	XR
매워	VV+EC
티백	NNG
어우러진	VV+ETM
쌉싸래	XR
그러면	MAJ
마야	NNP
던가	EC
로서	JKB
문대	VV
초보자	NNG
인스턴트	NNG
버무린	VV+ETM
벌린	VV+ETM
입구	NNG
대각선	NNG
갈라놓	VV
꽉	MAG
해진답니다	XSA+EC+VX+EF
어제	MAG
장군봉	NNP
새콤달콤	XR
평소	NNG
민물	NNG
항생제	NNG
주몽	NNG
초벌구이	NNG
구우시면	VV+EP+EC
구워도	VV+EC
요리법	NNG
구우실	VV+EP+ETM
구우	VV
숯불	NNG
산초	NNG
일본식	NNG
초간	NNG
성민	NNP
된다	VV+EC
그라	EC
애벌구이	NNG
전병	NNG
주심	NNG
종이	NNG
모양내	VV
해지지	XSA+EC
곁들여서	VV+EC
두세	NNP
어만	EC
떨어집니다	VV+EC
돌김	NNG
잖	VCP+UNA
보존	NNG
탱탱	XR
루미큐브	NNP
타월	NNG
여분	NNG
거려서	XSV+EC
거려요	XSV+EF
제목	NNG
내용	NNG
떠먹	VV
와사	NNG
체온	NNG
졸임	VV+ETN
방	NNG
흩뿌려	VV+EC
방식	NNG
아보	NNG
카드	NNG
재단	NNG
밴	VV+ETM
버무려서	VV+EC
밀대	NNG
상관없	VA
발라준	VV+EC+VX+ETM
머스	NNP
타드	NNP
바른다	VV+EC
미세	XR
바깥쪽	NNG
물주머니	NNG
둬야	VX+EC
바삭바삭	MAG
러브	NNG
쑥갓	NNG
아스파라거스	NNG
위주	NNG
박력	NNG
얼음	NNG
풀리	VV
덩어리지	VV
대충	MAG
덴	NNB+JKB+JX
펄펄	MAG
기간	NNG
일식	NNG
된장국	NNG
크림치즈	NNG
새끼	NNG
플레인	NNG
요구르트	NNG
블루베리	NNG
베르	NNP
즐겨라	VV+EC
아놀드	NNP
려	EC
무늬	NNG
훌륭	XR
꽤	MAG
솔직히	MAG
값	NNG
쉬운	VA+ETM
흰밥	NNG
자투리	NNG
그거	NP
데요	EC
캬	IC
아악	IC
으루	JKB
마저	MAG
초콜렛	NNG
렛	NNP
과자	NNG
초콜릿	NNG
왠지	MAG
을까	EC
캐	VV+EC
프로방스	NNP
오후	NNG
입안	NNG
굴러다니	VV
섬유질	NNG
검정	NNG
샌드	NNG
꼭꼭	MAG
둘레	NNG
회로	NNG
치자	NNG
초고추장	NNG
초장	NNG
회덮밥	NNG
조화	NNG
빗살	NNG
불꽃	NNG
자유	NNG
된장찌개	NNG
남겨서	VV+EC
뭔지	NP+VCP+EC
관자	NNP
베여	VV+EC
끔	VV+ETN
건해삼	NNG
만드세요	VV+EP+EC
도정	NNG
튀겼	VV+EP
부을	VV+ETM
소리	NNG
특징	NNG
이금기	NNP
프리미엄	NNG
함량	NNG
번거로우	VA
비우	VV
는걸요	EC
중식	NNG
캘리포니아	NNP
운영	NNG
교실	NNG
고추기름	NNG
시아	NNG
코카	NNG
중독	NNG
저미	VV
다스	NNG
사라집니다	VV+EF
얼큰	XR
센스	NNG
새송이	NNP
물맛	NNG
진해져	VA+EC+VX+EC
맞춥니다	VV+EF
식당	NNG
신세계	NNG
베이징	NNP
올려줘도	VV+EC+VX+EC
난다고	VV+EC
명랑소녀	NNP
쫌	MAG
강해서	VA+EC
내사	NNP
꺼낸다	VV+EC
저어서	VV+EC
설거지	NNG
왕	IC
생명	NNG
가르	VV
웍	NNP
뱁니다	UNKNOWN
꺼낸	VV+ETM
돌려서	VV+EC
따듯	XR
담아낼	VV+ETM
보인답니다	VV+EF
불루	VV+EF
매시	MAG
비계	NNG
조갯살	NNG
생굴	NNG
여도	EC
감시	NNG
어둡	VA
빨갛	VA
간해	VV+EC
터	VCP
다리	NNG
짧	VA
내준	VV+ETM
쭈꾸미가	UNKNOWN
소라	NNG
중화	NNG
쭈꾸미를	UNKNOWN
틈새	NNG
둘	NR
오리	NNG
순서	NNG
탈	XPN
염려	NNG
배이	VV
밥그릇	NNG
빠져요	VV+EF
가하	VV
시킨다	VV+EC
효과	NNG
마땅	XR
어두운	VA+ETM
모시조개	NNG
백합	NNG
선자연	NNG
자칫	MAG
샤프란	NNP
뚝	MAG
단백질	NNG
인도	NNP
라서	EC
풀릴	VV+ETM
완두	NNG
탱글탱글	MAG
알록달록	MAG
되직	XR
졸	VV
또띠	NNP
타이	NNG
고수	NNG
글라스	NNG
비두	NNG
대하	NNG
가감	NNG
상품	NNG
코코넛	NNG
밀크	NNP
고맙	VA
거북	XR
시다	EC
파나	VV
미타	NNG
더러	MAG
렁	NNP
습니	EC
놀라	VV+EC
복	NNG
빗속	NNG
피넛	NNP
이름	NNG
라서요	EC
동남아	NNP
지역	NNG
전문	NNG
얄팍	XR
비야	NNG
비결	NNG
형체	NNG
탄산수	NNG
튀긴다	VV+EF
맥주	NNG
견	NNG
빗	NNG
새우튀김	NNG
주변	NNG
돋보이	VV
레드	NNP
큐브	NNP
알코올	NNG
날아가	VV
리조	NNG
스탁	NNP
졸여	VV+EC
자색	NNG
입혀서	VV+EC
졸아들	VV
단계	NNG
화상	NNG
계핏가루	NNG
계피	NNG
첨가제	NNG
격자	NNG
림	NNG
겐	JKB+JX
고동	NNG
가려	VV+EC
뱉	VV
내요	NNP
최초	NNG
버려	VV+EC
울린답니다	VV+EF
얼	VV
잘려	VV+EC
벗겨도	VV+EC
절로	MAG
소세지	NNG
좌우	NNG
소시지	NNG
수제	NNG
현지	NNG
가까운	VA+ETM
색도	NNG
오레	NNP
가노	NNG
탁월	XR
여진	EC+VX+ETM
건진다	VV+EF
그림	NNG
바	NNG
설천	NNG
밝	VA
먹물	NNG
기억	NNG
거부	NNG
족	NNG
졸졸	MAG
딸기	NNG
마수	NNG
금싸라기	NNG
포기김치	NNG
냉장실	NNG
굳힌다	VV+EF
고정	NNG
누	IC
파삭	MAG
실리콘	NNG
세척	NNG
내열	NNG
씌워	VV+EC
각기	MAG
애요	EF
도마	NNG
양옆	NNG
말씀	NNG
내보	VV
노르스름	XR
보완	NNG
말이	NNG
식탁	NNG
양배추말이	NNP
스러울	XSA+ETM
새우등	NNG
우동	NNG
졸인다	VV+EC
쌀국수	NNG
겁니다	NNB+VCP+EF
푸른색	NNG
띄	VV
줘두	VX+EC
바라	VV+EC
체내	NNG
빼주	VV
방해	NNG
카나페	NNG
형식	NNG
는다고	EC
다져야	VV+EC
편식	NNG
삭이	VV
위해선	VV+EC+JX
초벌	NNG
디	NNG
카페	NNG
블랙	NNG
쩍	NNG
을수록	EC
쎄	VV
섭취	NNG
권	XSN
체로	NNG
온데	EP+EC
거른	VV+ETM
숑숑	MAG
왕비	NNG
민기	NNP
느	NNG
대왕	NNG
그리	VV
얘	NP
증발	NNG
끼리	XSN
누드	NNG
달걀옷	NNG
잘랐	VV+EP
잠기	VV
할려면	VX+EC
찧	VV
해바라기	NNP
들어갈	VV+ETM
지그재그	MAG
짭잘	XR
워터	NNG
제비	NNG
거둬	VV+EC
비스듬히	MAG
조촐	XR
만찬	NNG
굳	VA
떠내	VV
일간	NNG
중국집	NNG
려는	ETM
확실히	MAG
오묘	XR
백포도주	NNG
차이	NNG
파마	NNG
렐라	NNP
두툼	XR
조려	VV+EC
물렁	XR
채썰기	NNG
진해	VA+EC
괜히	MAG
비싼	VA+ETM
쭉쭉	MAG
늘어나	VV
쿵	MAG
칼슘	NNG
도와	VV+EC
조려서	VV+EC
해준답니다	VV+EC+VX+EF
멸치조림	NNG
안내	NNG
느껴집니다	VV+EC+VX+EC
메리	NP
칸	VV+ETM
패	VV+EC
뵤	VX+EF
이뻐	VA+EC
경제	NNG
지진	NNG
전부	MAG
합성	NNG
엄청	MAG
빠진	VV+ETM
졌으면	VX+EP+EC
나른	XR
널	NP+JKO
변할	VV+ETM
시큼	XR
유기농	NNG
끝내	VV+EC
삔	VV+ETM
물러서	VV+EC
베르톨리	NNP
엑스트라	NNG
라이트	NNG
꼭지	NNG
위쪽	NNG
너트	NNG
되도록	MAG
쪼	VV
식사	NNG
쳤	VV+EP
된다는	VV+ETM
떨어뜨린	VV+ETM
이루	JKB
분전	NNG
무방	XR
햅쌀	NNG
끊여서	VV+EC
나이프	NNG
고르	VV
올렸	VV+EP
전기	NNG
밥통	NNG
박사	NNG
주물러	VV+EC
덜하	VA
살얼음	NNG
얼렸	VV+EP
끝난	VV+ETM
냉국	NNG
갈비	NNG
첫	MM
하나하나	MAG
왕십리	NNP
저흰	NP+JX
솥	NNG
층	NNG
구멍	NNG
뚫	VV
따르	VV
그것	NP
추운	VA+ETM
베란다	NNG
삼식	NNG
마미	NNG
깍두기	NNG
끌	NNG
포리	NNG
분기	NNG
무조건	MAG
북어포	NNG
분무기	NNG
놔두었	VV+EP
파도	NNG
달궈	VV+EC
모자라	VV
좋아할	VV+ETM
반개	NNG
맞출	VV+ETM
장이	XSN
부러	MAG
떄문에	UNKNOWN
노	EC
토란	NNG
들깻잎	NNG
건가	NNB+VCP+EC
토란대	NNG
거른다	VV+EC
수육	NNG
열린	VV+ETM
공간	NNG
둬서	VX+EC
햇빛	NNG
남자	NNG
는다는	ETM
듣	VV
일지	VCP+EC
궁금	XR
한방	NNG
도는	VV+ETM
탈탈	MAG
마는	JX
낭만	NNG
너무너무	MAG
부탁	NNG
옥	NNG
대박	NNG
팔팔	MAG
흘려	VV+EC
수제비	NNG
잔치국수	NNP
셔두	EP+EC
마니	NNG
아끼	VV
가다랑어	NNG
대국	NNG
으라	EC
그건	NP+JX
아욱	NNG
꺽	VV
와이프	NNG
자구요	EC
호르몬	NNG
버무렸	VV+EP
손실	NNG
얼큰하	VA
방금	MAG
비밀	NNG
덮어놓	VV
어려워요	VA+EC
함꼐	MAG
루도	NNG
벌어지	VV
땀	NNG
뛰	NNG
아작	MAG
퍼셀	NNP
까나리	NNG
푸석	XR
친환경	NNG
두꺼우	VA
별루	MAG
라구요	VCP+EC
능	NNG
인삼	NNG
전문점	NNG
부럽	VA
곰탕	NNG
나박	XR
떨어질	VV+ETM
우러	VV+EC
자꾸	MAG
겉잎	NNG
아무리	MAG
밑바닥	NNG
장시	NNG
비해서	VV+EC
조끼	NNG
난닝	NNP
시킨	VV+ETM
조개껍질	NNG
부피	NNG
볼품	NNG
걸러낸	VV+EC+VX+ETM
조갯국	NNG
냉	NNG
우렁이	NNG
부족	NNG
장향	NNG
두텁	VA
광택	NNG
달리	MAG
수건	NNG
채선	NNG
어쭈	IC
어려운	VA+ETM
미끄러워서	VA+EC
몰라요	VV+EF
생강술	NNG
비릿	XR
으셔	EP+EC
슈리	NNP
닭개장	NNP
체스	NNG
풀어진	VV+ETM
지리	NNG
흐리	VV
식힐	VV+ETM
꾸	VV
잡티	NNG
없앤다	VV+EC
맺힌	VV+ETM
찌꺼기	NNG
배춧잎	NNG
부글부글	MAG
본연	NNG
지느러미	NNG
사장	NNG
은행잎	NNG
장용	NNG
내지	NNP
카우	NNP
여유	NNG
수호천사	NNG
으스러지	VV
끊일	VV+ETM
부스러지	VV
도가니	NNG
난다	VV+EC
곤	EC
어리	VA
한지	NNG
초간장	NNG
미루	NNP
종지	NNG
찌게	NNG
협	NNG
유통	NNG
유해	NNG
돋	VV
서너	MM
문지르	VV
느껴져	VV+EC+VX+EC
모시	VV
시킬	XSV+ETM
뻘	NNG
푼물	NNG
입혀진	VV+EC+VX+ETM
플러스	NNG
자세히	MAG
텐데	NNB+VCP+EC
길쭉	XR
떠오를	VV+ETM
표현	NNG
어우러	VV+EC
황백	NNG
부칠	VV+ETM
둥근	VA+ETM
떡국	NNG
나와서	VV+EC
쓴다	VV+ETM
말끔	XR
나온답니다	VV+EF
할인점	NNG
추위	NNG
달아나	VV
부서질	VV+ETM
가래떡	NNG
수록	NNG
국거리	NNG
겨울	NNG
옆집	NNG
소고	NNG
기국	NNG
셈	NNB
꽃소금	NNG
와우	IC
종	NNG
통채	NNG
짤라서	VV+EC
말갛	VA
비법	NNG
뭔가	NP+VCP+EC
허전	XR
려고요	EC
물러지	VV
첨	NNG
암	IC
강	XR
땡	NNG
무리	NNG
이내	NNG
몰라도	VV+EC
습	NNG
맹	NNG
여시	NNG
도막	NNG
미역국	NNG
한다고	XSV+EC
원액	NNG
포장	NNG
흐물흐물	MAG
듬성듬성	MAG
네모낳	VA
채칼	NNG
미역냉국	NNG
토토	NNP
조랭이	NNG
인데요	VCP+EC
대합	NNG
영향	NNG
넙적	MAG
큼직큼직	MAG
나름	NNB
맹물	NNG
구지	NNG
숭덩숭덩	MAG
재첩국	NNP
재첩	NNG
토하	VV
껍데기	NNG
속살	NNG
바락	MAG
갱	NNG
이국	NNG
주세	NNG
빙빙	MAG
게르	EC
강원도	NNP
동일	NNG
통북어	NNG
뭇	VV
부어넣	VV
풀려요	VV+EF
통밀	NNG
곰국	NNG
냉큼	MAG
였	EP
우거지	NNG
요긴	XR
우러난	VV+ETM
종일	NNG
담글	VV+ETM
결정	NNG
도중	NNG
장시간	NNG
우러날	VV+ETM
프림	NNP
데기	NNG
윤희	NNP
가까이	MAG
이크	IC
바꾸	VV
잔뿌리	NNG
독성	NNG
자양	NNG
강장	NNG
아자씨	NNG
절대로	MAG
뒤지	VV
빨아들이	VV
으로써	JKB
가급적	NNG
났	VV+EP
왼쪽	NNG
오른쪽	NNG
주부	NNG
엑스	NNG
풍기	VV
용도	NNG
차향	NNG
그물	NNG
잉꼬	NNG
아따	IC
모이	VV
생태	NNG
비늘	NNG
아가미	NNG
대가리	NNG
러톤	NNP
바쁜	VA+ETM
일상	NNG
실고추	NNG
미더덕	NNG
검색창	NNG
알뜰	XR
전용	NNG
세제	NNG
된대요	VV+EC
앵	NNG
어울려	VV+EC
완	NR
쪼금	MAG
으세	EF
나눠서	VV+EC
만난	VV+ETM
매운탕	NNG
짠다	VV+EF
금빛	NNG
내실	NNG
라네요	EC
소개	NNG
됬	VV+EP
도리	NNG
베이	NNP
나쁜	VA+ETM
아구	NNG
아귀	NNG
전문가	NNG
랄	ETM
옵니다	VX+EC
내려서	VV+EC
콩된장	NNG
바락바락	MAG
억센	VA+ETM
돌렸	VV+EP
스러워	XSA+EC
죵	EF
텃밭	NNG
도려내	VV
심지	NNG
잔류	NNG
쇠붙이	NNG
장소	NNG
밍밍	XR
대량	NNG
롭	XSA
냉동고	NNG
김치냉장고	NNG
낮	VA
포만감	NNG
사면	NNG
파뿌리	NNG
정말로	MAG
쑥	MAG
무가	NNG
메추	NNG
리알	NNG
뜬물	NNG
끼운다	VV+EF
축구공	NNG
주름	NNG
엎	VV
떡볶이	NNG
파와	NNG
더해	VV+EC
마나	NNP
통썰기	NNG
칩니다	VV+EF
딸	NNG
문	VV
무쳐야	VV+EC
일부	NNG
얼리	VV
띄우	VV
대비	NNG
아리조나	NNP
두유	NNG
업	VV
불면	NNG
벗겨진	VV+ETM
마을	NNG
톨	NNBC
인해	VV+EC
리터	NNP
콩국	NNG
조심스레	MAG
드문드문	MAG
잘린	VV+ETM
미소	NNG
육개장	NNG
부대	NNG
치대	VV
동동	MAG
대용	NNG
한나절	NNG
하룻밤	NNG
움직여	VV+EC
조개류	NNG
어머님	NNG
카스	NNP
국그릇	NNG
금상첨화	NNG
구석구석	NNG
쫙	MAG
굶	VV
괜챦아요	UNKNOWN
찔러	VV+EC
놓아두	VV
인터넷	NNG
몰	NNG
가정	NNG
초물	NNG
아린	VA+ETM
화려	XR
동치미	NNG
메밀국수	NNG
초계탕	NNG
해져	XSA+EC+VX+EC
해장	NNG
처	NNG
움	NNG
띄워서	VV+EC
해후	NNG
두드려서	VV+EC
나박나박	MAG
무관	XR
시루	NNG
프로	NNG
톳	NNG
오를	VV+ETM
대접	NNG
기준	NNG
벗겨야	VV+EC
각색	NNG
애용	NNG
마셔	VV+EC
띄운	VV+ETM
꽃게	NNG
딱지	NNG
뿌렸	VV+EP
명	NNG
생긴	VV+ETM
맞춰요	VV+EF
파랗	VA
마요	VV+EF
수염	NNG
고추씨	NNG
홍합탕	NNG
향신	NNG
벌어질	VV+ETM
잘라도	VV+EC
건미역	NNG
찐득	XR
싱거우	VA
알콜	NNG
날라가	VV
올라온	VV+ETM
겉절이	NNG
일전	NNG
연두부	NNG
징	NNG
봐서	VV+EC
봐야	VV+EC
밑반찬	NNG
마신다	VV+EC
후리지아	NNP
쫄면	NNG
자제	NNG
가자미	NNG
사선	NNG
얕	VA
쿨	MAG
꽈리고추	NNG
서리	NNG
태	NNG
큼지막	XR
갈치	VV
식중독	NNG
확률	NNG
효	NNG
똥	NNG
해줍니다	XSV+EC+VX+EF
갈치조림	NNG
산모롱이	NNG
매실주	NNG
사이드	NNG
애벌	NNG
소화	NNG
어느새	MAG
위한	VV+ETM
집어먹	VV
복숭아	NNP
짱구	NNG
뿌릴	VV+ETM
무상	NNG
모서리	NNG
요요	NNG
팜	NNP
센티미터	NNG
꽈배기	NNG
불량	NNG
다시피	EC
코팅	NNG
좌르르	MAG
알감	NNG
사이즈	NNG
위함	VV+ETN
휠씬	MAG
죄다	MAG
난리	NNG
감자조림	NNG
퍼서	VV+EC
조청	NNG
할지	VX+EC
돌때	NNG
버부	VV
엉겨	VV+EC
일부러	MAG
박	NNP
이사랑	NNP
익혀진	VV+EC+VX+ETM
무에	NP+JKS
송송송	MAG
숙성	NNG
이라도	JX
난다면	VV+EC
쉬우므로	VA+EC
건드리	VV
약해서	VA+EC
굴비	NNG
꼴뚜기	NNG
쾨	NNG
말릴	VV+ETM
유도	NNG
흰깨	NNG
무형	NNG
졸여서	VV+EC
방부제	NNG
구름	NNG
붙일	VV+ETM
켠	NNG
악녀	NNG
나란히	MAG
양마	NNG
밋밋	XR
흩뿌리	VV
적신	VV+ETM
잔가시	NNG
집게	NNG
목	NNG
명태	NNG
감사	NNG
붕어	NNG
쪄낸	VV+ETM
갑자기	MAG
길래	EC
놀랬	VV+EP
쓰이	VV
강해질	VA+EC+VX+ETM
연해	VA+EC
막히	VV
감초	NNG
찔러보	VV
이뻐서	VA+EC
장육	NNG
짭짜름	XR
조기	NNG
소금기	NNG
생물	NNG
짤	VV+ETM
덜해	VA+EC
절여진	VV+EC+VX+ETM
내려준다	VV+EC+VX+EF
앞다리	NNG
항정살	NNG
민용	NNG
옹기장수	NNG
걸러낸다	VV+EC+VX+EF
신장	NNG
아담	NNG
콕콕	MAG
박힌	VV+ETM
졸여야	VV+EC
터져요	VV+EF
줄여서	VV+EC
쭈글	MAG
완벽	NNG
준다는	VX+ETM
부드러우	VA
문지른	VV+ETM
그나마	MAG
노랑	NNG
초록	NNG
언	EC
졸인	VV+ETM
흘러서	VV+EC
파낸다	VV+EC
꽃산	NNG
채운다	VV+EC
접착	NNG
레이프	NNP
갈변	NNG
사각사각	MAG
실청	NNG
짜지	VV
신데렐라	NNG
메뉴판	NNG
닷컴	NNP
패널	NNG
깊이	MAG
파실	VV+EP+ETM
무랑	NNG
켜	VV
즈음	NNB
코다리	NNG
빠집니다	VV+EC
납작납작	MAG
여서	VCP+EC
톡	NNG
눅눅	XR
쪼그라들	VV
풍선	NNG
쪼글쪼글	MAG
혜시	NNG
분해	NNG
선	NNG
건홍합	NNG
엽	NNG
등심	NNG
달걀흰자	NNG
찰기	NNG
지그시	MAG
정확히	MAG
기름지	VA
맞춰준	VV+EC+VX+ETM
무모	XR
메뉴	NNG
엉겨붙	VV
끗	NNG
구울	VV+ETM
병아리	NNG
잘라준다	VV+EC+VX+EC
잘르	VV
잘라야	VV+EC
보일	VV+ETM
갈라서	VV+EC
끼우	VV
안주	NNG
꽂이	NNG
끼워도	VV+EC
닭꼬치	NNP
케이준	NNP
스파이스	NNP
서양식	NNG
타르	NNG
퐁듀	NNP
날린다	VV+EC
은박지	NNG
그리구	MAJ
황기	NNG
메이플	NNP
황	NNP
요리용	NNG
클	VA+ETM
이불	NNG
통계	NNG
돌아다니	VV
슴	EC
젤라틴	NNG
졸여진	VV+EC+VX+ETM
정향	NNG
식기	NNG
돼지갈비	NNG
생강가루	NNG
묻힌다	VV+EC
옮겨	VV+EC
칠리소스	NNG
매콤새콤	MAG
콜리	NNG
설날	NNG
흰떡	NNG
눈부신	VA+ETM
크리스탈	NNP
하세	NNG
곁들여도	VV+EC
프랑크	NNP
뉘	NP+JKS
추장	NNG
뽁	NNG
뒤섞	VV
기르	NNP
떨어져요	VV+EF
그늘	NNG
꾸덕꾸덕	MAG
강화	NNG
참맛	NNG
바이러스	NNG
없앨	VV+ETM
포도주	NNG
발사믹	NNP
께요	EF
스러	XSA+EC
바싹	MAG
뒤지개	NNG
습니다요	EC
더워	VA+EC
잔뼈	NNG
힘듭니다	VA+EF
드래곤	NNP
생강차	NNG
유자차	NNG
진행	NNG
연육	NNG
무스	NNG
타소스	NNP
에겐	JKB+JX
고깃집	NNG
재울	VV+ETM
육즙	NNG
엇	EP
철판	NNG
일수록	VCP+EC
목심	NNG
즉시	MAG
싸악	MAG
신답니다	EP+EF
완화	NNG
달라요	VA+EC
수시로	MAG
뭔	MM
봅시다	VX+EC
재워둔	VV+EC+VX+ETM
채워	VV+EC
고등어구이	NNG
콩알	NNG
재운다	VV+EF
올랐	VV+EP
꽁치	NNG
탑	NNG
리야	EC
키	NNG
스테이크	NNG
연탄불	NNG
천상	NNG
발라야	VV+EC
하하	MAG
호호	MAG
신지	NNB+VCP+EC
오징어순대	NNG
아용	EC
김장	NNG
져야	XSV+EC
필수	NNG
채워준다	VV+EC+VX+EC
발라준다	VV+EC+VX+EC
쪄도	VV+EC
순대	NNG
높이	VV
지져서	VV+EC
관리	NNG
비닐봉투	NNP
표시	NNG
봉투	NNG
개봉	NNG
못하	VX
그래서	MAJ
지지	MAG
깍뚝	XR
구웠	VV+EP
맡	VV
군데	NNBC
두장	NNG
뒤집개	NNG
기계	NNG
빳빳	XR
소이	NNG
이어서	MAG
울퉁불퉁	MAG
차곡차곡	MAG
겅	UNKNOWN
아무것	NP
녹색	NNG
훑	VV
슥슥	MAG
지나가	VV+EC
소금구이	NNG
푸석푸석	MAG
전달	NNG
곁들인	VV+ETM
비장	NNG
꼬마	NNG
받혀	VV+EC
독특	NNG
예민	XR
피하	VV
꽁	MAG
줄지	VV+EC
낙지	NNG
주무른	VV+ETM
헹	MAG
군다	VV+EC
빨판	NNG
기스	NNG
세발	NNG
조개관자	NNG
아래쪽	NNG
유장	NNG
끼운	VV+ETM
지퍼	NNG
야외	NNG
숯	NNG
덧발라	VV+EC
거릴	XSV+ETM
배서	NNG
져도	VX+EC
더덕	NNG
두드린다	VV+EC
두드리	VV
자근자근	MAG
두들겨	VV+EC
주물주물	MAG
부부	NNG
도루묵	NNG
이제	MAG
알배기	NNG
워낙	MAG
타원	NNG
싱거운	VA+ETM
뜰	VV+ETM
핏기	NNG
낮추	VV
빨	VV+ETM
한다는	VX+ETM
과일즙	NNG
베지	NNG
배면	NNG
구어	NNG
곤란	NNG
뒷다리	NNG
푸짐	XR
꼴	VV
라기	ETN
더라고	EC
손맛	NNG
돼지기름	NNG
복어	NNG
대강	MAG
쫄깃쫄깃	MAG
담가둔	VV+EC+VX+ETM
놨다가	VX+EP+EC
올려요	VV+EC
신후	NNG
흘러내리	VV
아두	EC
계시	VX
마블링	NNG
과즙	NNG
십자로	NNG
아마	MAG
집안	NNG
파라	NNG
소갈비	NNG
떡갈비	NNG
접착력	NNG
믹스	NNG
치댄	VV+ETM
빵빵	MAG
용떡	NNG
불닭	NNP
먹일	VV+ETM
챱	UNKNOWN
꿴	VV+ETM
흐를	VV+ETM
종이컵	NNG
재미있	VA
일종	NNG
지진다	VV+EC
발라줘도	VV+EC+VX+EC
당연	MAG
살가	EC
묻힐	VV+ETM
싹	MAG
스피너	NNG
가족	NNG
올려야	VV+EC
리향	NNG
뱅어포	NNG
편한	VA+ETM
실온	NNG
노출	NNG
돼서	XSV+EC
지금	MAG
쉬우	VA
살리	VV
가람	NNG
세기	NNG
순식간	NNG
통하	VV
기름칠	NNG
병	NNG
미약	XR
독소	NNG
건어물	NNG
룰	NNG
고생	NNG
떡꼬치	NNG
산후	NNG
풀어져	VV+EC
버립니다	VX+EC
고급	NNG
프라	NNG
스틱	NNG
가닥	NNG
삼치	NNG
뿌려줍니다	VV+EC+VX+EF
카루	NNP
포일	NNG
광식	NNG
날아갈	VV+ETM
키틴	NNG
촘촘	XR
촉감	NNG
될까요	VV+EC
컨텐츠	NNG
회원	NNG
절단	NNG
밤톨	NNG
이야	JX
레드와인	NNP
멋진	VA+ETM
이종순	NNP
센치	NNP
미만	NNG
균일	NNG
마름모	NNG
요령	NNG
다질	VV+ETM
튄	VV+ETM
메드	NNP
자연산	NNG
펼쳐서	VV+EC
쌀떡	NNG
떡말	NNG
빼낸다	VV+EF
지인	NNG
무렵	NNB
일자	NNG
면장갑	NNG
신속	NNG
이쁠	VA+ETM
빨강	NNG
이용해	NNP
탄산	NNG
음료	NNG
튼튼	XR
오뎅	NNG
꼽	VV
떨어졌	VV+EP
텐데요	NNB+VCP+EC
사전	NNG
어린아이	NNG
자반고등어	NNG
특별히	MAG
감싼	VV+ETM
요것	NP
디테	NNP
폰	NNG
강추	NNG
벗겨낸다	VV+EC+VX+EF
놨	VX+EP
보들보들	MAG
최소	NNG
직	NNG
석우	NNG
생채	NNG
슬쩍	MAG
부들부들	MAG
꼰	VV
실패	NNG
그만이	VA
초야	NNG
담군	VV+ETM
차돌	NNG
배기	XSN
채쳐	VV+EC
가른다	VV+EC
질길	VA+ETM
수산	NNG
딘	NNP
댄싱	NNG
꼬치구이	NNG
뒷맛	NNG
부서	NNG
말린다	VV+EC
파망	NNG
통풍	NNG
쭈꾸미는	UNKNOWN
쭈꾸미	UNKNOWN
쭈	UNKNOWN
꾸미	NNG
주물럭	XR
거려	XSV+EC
걸루	NNB+JKB
떨궈	VV+EC
골구	NNG
비만	NNG
쿡쿡	MAG
쌘	VV+ETM
요샌	MAG+JX
고자	EC
라이스	NNP
신유	NNG
특	UNKNOWN
신랑	NNG
단지	MAG
꿰	VV
았었	EP
쉬워서	VA+EC
켜켜이	MAG
로써	JKB
드레싱	NNG
그래	VA+EP
단면	NNG
이럴	VV+ETM
지윤	NNP
동네	NNG
코너	NNG
역쉬	NNG
친구	NNG
프	VX
팀	NNG
아무거	NP
토핑	NNG
조카	NNG
지승아	NNP
립	NNG
레이	NNG
즌	UNKNOWN
반복	NNG
이대로	MAG
말라	VV+EC
추향	NNG
파릇파릇	MAG
거품기	NNG
짙	VA
럼주	NNG
드려요	VV+EC
졸일	VV+ETM
슈퍼	NNG
벌	VV
으네	EF
토파	NNG
항산	NNG
항암	NNG
어떻	VA
합	NNG
작가	NNG
질긴	VA+ETM
힘줄	NNG
센티	NNBC
패밀리	NNG
레스토랑	NNG
미디	NNG
레어	NNP
분위기	NNG
앙	NNG
초비	NNG
스튜	NNG
메로	NNG
제스트	NNP
다져져	VV+EC+VX+EC
자두	NNG
축축	XR
럼블	NNP
마르	VV
그레인	NNG
딜	NNG
페퍼콘	NNP
이드	NNG
랜	ETM
날린	VV+ETM
날라	VV+EC
으려	EC
맨날	MAG
크리미	NNP
스파클	NNP
근사	XR
겉돌	VV
어울러	VV+EC
억제	NNG
이해	NNG
린	EC
적포도주	NNG
건과	NNG
극	NNG
어울린다고	VV+EC
나두	VV
어다가	EC
꺾	VV
바비큐	NNG
속안	NNG
온몸	NNG
마사지	NNG
셀리	NNP
직행	NNG
낮춘	VV+ETM
구워진	VV+EC+VX+ETM
로스트	NNG
드립니다	VX+EF
허니	NNP
우스타	NNP
담길	VV+ETM
쫘악	MAG
아메리칸	NNG
돌린다	VV+EC
프렌치	NNP
류민	NNG
보글	XR
늘려도	VV+EC
중간중간	MAG
주머니	NNG
폐	XPN
혜	NNG
이킹	NNP
시트	NNG
바를	VV+ETM
바베큐	NNG
훈연	NNG
할라	VV+EC
뇨	EC
뜨거우	VA
첩	NNG
홍두깨살	NNG
갈색빛	NNG
양상치	NNG
붉은색	NNG
꺼낼	VV+ETM
바늘	NNG
해결	NNG
이등분	NNG
맞춰서	VV+EC
끼워서	VV+EC
랜다	NNP
이즈	NNP
떨어져	VV+EC
픈	VX+ETM
땅콩버터	NNG
찻	IC
풍	NNG
스스	NNP
황도	NNG
사이다	NNG
판	VV+ETM
파낸	VV+ETM
모아서	VV+EC
콜	NNG
채운	VV+ETM
은박	NNG
내제	NNP
면도	NNG
뒷부분	NNG
큽니다	VA+EC
아서요	EC
데리야키	NNP
해먹	NNG
싱하	NNP
위치	NNG
게끔	EC
누렇	VA
변한	NNG
파운드	NNP
부숴지	VV
몽땅	MAG
구워졌	VV+EC+VX+EP
리가	NNG
살피	VV
비네	NNP
세균	NNG
내면	NNP
옆면	NNG
편할	VA+ETM
자는	ETM
동글납작	XR
허	VX
밑면	NNG
스팀	NNG
자국	NNG
궁	NNG
어울려서	VV+EC
크림소스	NNG
키스트	NNP
레몬주스	NNG
소복	XR
됩니당	UNKNOWN
덩어리진	VV+ETM
막대	NNG
슬라이드	NNG
익지	NNG
플라스틱	NNG
고온	NNG
래디	EC
브리	NNP
층층이	MAG
우순	NNG
기름진	VA+ETM
무명실	NNG
마늘종	NNG
은수	NNG
마마	NNG
즐겁	VA
엉	IC
놓아주	VV
취양	NNG
뿌려요	VV+EF
부려	VV+EC
실리	NNG
다거나	EC
놀자	NNP
열십자	NNG
밑부분	NNG
사항	NNG
꼬옥	MAG
저칼로리	NNG
전분가	NNG
부푸	VV
씌우	VV
박력분	NNG
알려	VV+EC
비프	NNP
벌어진	VV+ETM
가리비	NNG
패주	NNG
발려	VV+EC
엮	VV
등뼈	NNG
벌려	VV+EC
꼬불	XR
밟	VV
터져	VV+EC
낭패	NNG
맛보	VV
조합	NNG
테두리	NNG
돌려요	VV+EC
일일이	MAG
여민	VV+ETM
군만두	NNG
서빙	NNG
탄두리	NNP
어야죠	EC
퓨레	NNP
씁쓸	XR
중탕	NNG
빈스	NNP
이태리	NNP
메트로	NNP
섹슈얼	NNP
멕시코	NNP
요한	NNP
긱스	NNP
튀겨서	VV+EC
밀쌈	NNG
치매	NNG
예방	NNG
민	NNP
챙기	VV
커리	NNP
치위	NNG
놔야	VX+EC
부침개	NNG
예쁩니다	VA+EF
포기	NNG
평평히	MAG
팽팽	XR
꼬막	NNG
매력	NNG
자를	VV+ETM
핫	NNG
생길	VV+ETM
미트볼	NNP
원리	NNG
로스	NNG
원형	NNG
적양	NNG
잎채소	NNG
메추리	NNG
직사각	NNG
추석	NNG
닭강정	NNP
적채	NNG
마아	NNG
비해	VV+EC
을려면	EC
범벅	NNG
썪	VV
컨	NNP
벡	NNP
껑	NNG
둬	VV+EC
송편	NNG
도전	NNG
로즈	NNG
적절히	MAG
나열	NNG
잔열	NNG
렌즈	NNG
십자가	NNG
영국	NNP
시나몬	NNG
차돌박이	NNG
감자칩	NNP
생감자	NNG
무채	NNG
쌉싸름	XR
뭔가요	NP+VCP+EF
쭉	MAG
동그란	VA+ETM
씨앗	NNG
반질반질	MAG
날씬	XR
스며	VV+EC
유자청	NNG
원조	NNG
샌드위치	NNG
그러므로	MAJ
누구	NP
온도계	NNG
큐	MAG
말렸	VV+EP
햇볕	NNG
상황	NNG
습기	NNG
빠졌	VV+EP
까만색	NNG
무지	NNG
흘리	VV
굴린	VV+ETM
꺼려	VV+EC
타르타르소스	NNG
풍성	XR
달고기	NNG
쇼	NNG
는군요	EC
김도	NNP
한대	VV+EC
이쁜데	VA+EC
해진다	XSA+EC+VX+EC
글루텐	NNG
어름	NNG
푸르스름	XR
기운	NNG
올라올	VV+ETM
콤	NNG
억세	VA
성능	NNG
감소	NNG
입힌다	VV+EC
뻣뻣	XR
이게	NP+JKS
매듭	NNG
리본	NNG
어려울	VA+ETM
버블	NNP
두꺼워서	VA+EC
으신다면	EP+EC
베일	VV+ETM
수박	NNG
간식	NNG
갔	VV+EP
착	MAG
컴	NNP
더해져	VV+EC+VX+EC
임장	NNG
혀야	XSV+EC
짜집	VV
볼까요	VX+EF
플레이	NNG
트랜스지방	NNP
발생	NNG
생성	NNG
접대용	NNG
데코	NNP
위아래	NNG
왔다갔다	MAG
쿠쿠	NNP
근처	NNG
쩐	VV
규	NNG
건강식	NNG
응용	NNG
얼마	NNG
기엔	EC+JX
악마	NNG
이물질	NNG
미온수	NNG
메기	NNG
마름모꼴	NNG
페이퍼	NNG
강정	NNG
휘	VV
흠뻑	MAG
입히	VV
번식	NNG
살펴보	VV
어이쿠나	IC
꼼꼼히	MAG
마자	NNG
탈수	NNG
장양	NNG
캐슈	NNG
양념치킨	NNP
라이스페이퍼	NNG
발연점	NNG
땡기	VV
덕	NNG
베트남	NNP
그어	VV+EC
었었	EP
분할	NNG
크로켓	NNG
쪄내	VV
애기	NNG
그런지	VA+EC
그런데	MAJ
노미야	NNP
봐요	VX+EF
물총	NNG
하우스	NNP
시즈	NNP
닝	NNP
베이킹파우더	NNG
무겁	VA
마멀레이드	NNG
힌	NNP
바닐라	NNG
딥	NNP
한국식	NNP
튀겨진	VV+EC+VX+ETM
와플	NNG
프레이크	NNP
만듭니다	VV+EC
기구	NNG
하이라이스	NNG
통감자	NNG
입힐	VV+ETM
습식	NNG
느껴질	VV+EC+VX+ETM
안심살	NNG
석어	NNG
굳혀	VV+EC
치즈스틱	NNP
빈틈없이	MAG
여기저기	NNG
뮤	NNG
야지	NNG
전지	NNG
소비	NNG
버진	NNP
정제	NNG
퓨어	NNP
푸푸	MAG
콩기름	NNG
케잌	NNG
비엔나	NNP
핫도그	NNG
표기	NNG
비엔나소시지	NNG
길다란	VA+ETM
거름망	NNG
놔뒀	VV+EP
나빠	VA+EC
겹겹이	MAG
싸서	VX+EC
자마자	EC
쭈욱	MAG
뤼	NNP
다물	VV
된다면	XSV+EC
파머	NNP
쟁반	NNG
뒤적거리	VV
핀	VV+ETM
주재료	NNG
욧	EF
맞물리	VV
성	XSN
꼼꼼	MAG
클라	NNP
달린	VV+ETM
섞일	VV+ETM
스테인	NNP
앉	VV
밀어내	VV
후레쉬	NNP
베보	NNG
납짝	MAG
굴려서	VV+EC
강력분	NNG
이스트	NNP
분유	NNG
둥글린	VV+ETM
소시	NNG
으깰	VV+ETM
편편	XR
아물	VV
입혀야	VV+EC
타르타르	NNP
니무	NNP
라이코	NNP
높여	VV+EC
무른	VA+ETM
돠	EF
머스터	NNP
동태	NNG
익숙	XR
뭍히	VV
구마	NNG
차가울	VA+ETM
꼬부라지	VV
차거운	VA+ETM
뽀글뽀글	MAG
해졌으면	XSA+EC+VX+EP+EC
걸쳐	VV+EC
커틀릿	NNG
뽀족	MAG
삼각형	NNG
감자전	NNG
달라지	VV
동시	NNG
분말	NNG
휘휘	MAG
브랜드	NNG
블렌더	NNP
이걸	NP+JKO
끈적끈적	MAG
튀겨야	VV+EC
화끈	MAG
경향	NNG
홍초	NNG
쟁	NNG
거쳐	VV+EC
움큼	NNBC
뚫리	VV
춧	UNKNOWN
들어야	VV+EC
묻어나	VV
가만히	MAG
두들겨서	VV+EC
후르츠	NNP
탕수육	NNG
재워서	VV+EC
퍼석	MAG
무거운	VA+ETM
간수	NNG
넘기	VV
연유	NNG
스펀지	NNG
귤	NNG
탕수	NNG
없앤	VV+ETM
한라	NNP
증가	NNG
아미노산	NNG
두들기	VV
깐풍기	NNG
세계	NNG
춘권	NNP
뜨건	VA+ETM
뇽	UNKNOWN
시현	NNG
맞춰야	VV+EC
읽	VV
차지	NNG
그랬	VV+EP
했는데도	VV+EP+EC
졌어요	VX+EP+EC
해진	XSA+EC+VX+ETM
최소한	NNG
요즈음	NNG
성시경	NNP
해선	XSA+EC+JX
사온	NNG
원한다면	VV+EC
의해	VV+EC
살사	NNG
삼등분	NNG
건포	NNG
모드	NNG
파우	NNG
탁하	VV
지라	NNG
갈리	VV
머금	VV
뿌려줄	VV+EC+VX+ETM
당도	NNG
가른	VV+ETM
오므리	VV
천도복숭아	NNG
급할	VA+ETM
륵	NNG
야채샐러드	NNG
책	NNG
의하	VV
용량	NNG
투리	NNG
청소	NNG
치댈	VV+ETM
저온	NNG
느냐	EC
단단히	MAG
붙인다	VV+EC
밀전병	NNG
오리고기	NNG
나타나	VV
본격	NNG
레이크	NNG
걸려요	VV+EF
스카	NNG
염	NNG
리얼	NNG
고와	VA+EC
줄수록	VV+EC
거림	XSV+ETN
밥풀	NNG
강냉이	NNG
등껍질	NNG
활	NNG
수돗물	NNG
신선도	NNG
모래집	NNG
생마늘	NNG
모양새	NNG
남편	NNG
웁	VA
그치만	MAJ
등딱지	NNG
게살	NNG
달려	VV+EC
복아	NNG
오리엔탈	NNP
쑤시개	NNG
럼	NNG
새벽	NNG
붙이	VV
피시	NNG
저으면	VV+EC
가다	NNG
올릴	VV+ETM
소복히	MAG
마주	MAG
말려요	VV+EF
샹	NNP
작아지	VV
높여서	VV+EC
튀깁니다	VV+EC
월남	NNG
역활	NNG
그렇지만	MAJ
색달	NNG
라요	VCP+EC
오야	NNG
쳐준다	VV+EC+VX+EF
즐	IC
후라이판	NNG
잡힌	VV+ETM
이탈리안	NNP
어려움	NNG
제시	NNG
찔	NA+ETM
갈비찜	NNG
원두커피	NNG
뺏	VV
짤라	VV+EC
갈라지	VV
뛰어나	VA
들인	VV+ETM
엄나무	NNG
물위	NNG
케이	NNG
뭉그러지	VV
똑같이	MAG
파향	NNG
닭찜	NNG
겉도	VV
걸러야	VV+EC
육전	NNG
계란찜	NNG
낸다고	VV+EC
명절	NNG
삼각	NNG
오동통	MAG
가제	NNG
깻잎장아찌	NNG
꽁꽁	MAG
젓국	NNG
커다란	VA+ETM
벌교	NNG
벌리	VV
고무장갑	NNG
빡빡	XR
열려	VV+EC
뒤쪽	NNG
게장	NNG
최대	NNG
석이버섯	NNG
후회	NNG
살인	NNG
부쳐도	VV+EC
손색	NNG
밥도둑	NNG
회용	NNG
받친	VV+ETM
스런	XSA+ETM
변해서	VV+EC
렸	NA+EP
이렇	VA
쐬	VV+EC
미녀	NNG
닭기름	NNG
닭볶음탕	NNG
자글자글	MAG
지질	VV+ETM
늘러	VV+EC
떨구	VV
부드러워서	VA+EC
적합	NNG
돌릴	VV+ETM
알탕	NNG
떠나	VV
콜리플라워	NNG
모과	NNG
겹쳐지	VV
뜨거워요	VA+EF
한웅	NNG
아닌가	VCN+EC+VCP
빨라	VA+EC
조심조심	MAG
이번	NNG
상한	VV+ETM
으스러져	VV+EC
적셔서	VV+EC
불려진	VV+EC+VX+ETM
고무줄	NNG
소꼬리	NNG
흐트러질	VV+ETM
총총	MAG
쭌군	UNKNOWN
뗀다	VV+EC
분동	NNG
해선장	NNP
얼른	MAG
아작아작	MAG
커서	VV+EC
배달	NNG
조리용	NNG
뜸들이	VV
사라	NNG
아삭거리	VV
점점	MAG
심이	NNG
속껍질	NNG
도너츠	NNP
시면	VV+EP+EC
연결	NNG
기현	NNG
지켜	VV+EC
체면	NNG
해야죠	VV+EF
스리	NNG
세욧	EF
매일	MAG
엄지	NNG
검지	NNG
미끌거리	VV
묵직	XR
물건	NNG
흘러나오	VV
상단	NNG
뭉쳐져서	VV+EC+VX+EC
어때요	VA+EC
눈대중	NNG
리소스	NNP
무난	XR
그램	NNG
라떼	NNG
추간	NNG
삼발이	NNG
종종	MAG
미세스	NNG
만져서	VV+EC
양식	NNG
빤	VA+ETM
무말랭이	NNG
슬픈	VA+ETM
찰떡궁합	NNG
색다르	VA
제육	NNG
잔털	NNG
빠질	VV+ETM
올라가	VV
온답니다	VV+EF
순창	NNG
보쌈	NNG
부추김치	NNG
향하	VV
갑니다	VX+EC
뭘	NP+JKO
올라	VV+EC
여성	NNG
홍어	NNG
보인다	VV+EC
낱개	NNG
튼	VV+ETM
새로	MAG
휘저으면	VV+EC
스지	NNP
워메	IC
줄어든	VV+ETM
휘어질	VV+ETM
절여졌	VV+EC+VX+EP
배추찜	NNG
채치	VV
히트	NNG
매끄러운	VA+ETM
패티	NNP
수세미	NNG
마늘빵	NNG
페퍼	NNP
거친	VA+ETM
수증기	NNG
달걀찜	NNG
가게	NNG
지난	VV+ETM
충전	NNG
떠오른	VV+ETM
나온다	VV+EC
짜리	XSN
동전	NNG
접어놓	VV
밀봉	NNG
싸이	NNP
밀폐	NNG
진대요	VX+EF
브로커	NNG
만두소	NNG
딤섬	NNG
마를	VV+ETM
커터	NNG
과감	XR
넘쳐	VV+EC
우르르	MAG
장난	NNG
비지	NNG
으리	EC
깊숙이	MAG
합쳐서	VV+EC
고향	NNG
무니	NNG
국내	NNG
주물	NNG
진국	NNG
쳐야	VV+EC
기다리	VV
우울	NNG
도시	NNG
족발	NNG
달라져요	VA+EC+VX+EF
달라져서	VV+EC
짭조롬한	UNKNOWN
오징어포	NNG
나트륨	NNG
맞대	VV
볼륨	NNG
들어감	VV+ETN
터벅	XR
챙길	VV+ETM
살균	NNG
궛	UNKNOWN
분홍	NNG
기대	NNG
필러	NNG
덮어둔	VV+ETM
배낭	NNG
여행	NNG
스파	NNP
법	NNG
봄나물	NNG
생오이	NNG
흥건	XR
도토리묵	NNG
해파리	NNG
도려낸	VV+ETM
떴	VV+EP
빼먹	VV
읍시다	EC
골	VV
변색	NNG
쳡	UNKNOWN
물들인다	VV+EF
생생	XR
갑	NNG
놔둔	VV+ETM
적어도	MAG
음식점	NNG
바랍니다	VV+EF
탈수기	NNG
두릅	NNG
새순	NNG
합시다	XSV+EF
부쳐야	VV+EC
얌전	XR
숙회	NNG
헝겊	NNG
결혼	NNG
바쳐	VV+EC
곁들임	VV+ETN
로움	XSA+ETN
엿	EP
무생채	NNG
편육	NNG
나눈	VV+ETM
럽	NNP
야들야들	MAG
안성맞춤	NNG
돌기	NNG
현상	NNG
경과	NNG
계절	NNG
달큰하	VA
본인	NNG
야죠	EF
깻가루	NNG
깊숙히	MAG
배여	VV+EC
고아	XR
보라색	NNG
상상	NNG
겠어요	VX+EP+EF
쑥가	NNG
가닥가닥	MAG
밀려	VV+EC
콩고물	NNG
서양	NNG
백화점	NNG
수면	NNG
챙겨	VV+EC
나갈	VX+ETM
리비아	NNP
락앤락	NNP
추	NNG
냉채	NNG
반작	NNG
배추속대	NNG
누런	VA+ETM
까맣	VA
애매	XR
배인	VV+ETM
금세	MAG
기분	NNG
백련	NNG
써두	VV+EC
강회	NNG
빙	MAG
둘려	VV+EC
우묵	NNG
녀	NNG
차가워진	VA+EC+VX+ETM
떨어트리	VV
우둔	NNG
값싸	VA
거제	NNP
금촌	NNP
생고기	NNG
오빠	NNG
엄지손가락	NNG
다죠	EC
둥굴	VA
달걀노른자	NNG
뱅	MAG
전어	NNG
막걸리	NNG
그저	MAG
헤	VV+EC
회무	NNG
침	NNG
모듬	NNG
다칠	VV+ETM
얼갈이	NNG
촉촉히	MAG
바뀌	VV
실수	NNG
해뒀	XSV+EC+VX+EP
파리	VV
타바스코	NNG
겨자채	NNG
깃	NNG
여열	NNG
때론	MAG+JX
컬러	NNG
눌렀	VV+EP
생소	XR
우려서	VV+EC
흑초	NNG
버림	VV+ETN
조그만	VA+ETM
씹힘	VV+ETN
온수	NNG
오징어채	NNG
해용	XSA+EC
생과일	NNG
익스	NNP
샐	VV+ETM
자몽	NNG
과육	NNG
섬유소	NNG
알리	NNP
벤	NNP
건조기	NNG
원미선	NNP
뿌려야	VV+EC
이하	NNG
건자	NNG
룬	NNG
감식초	NNG
윙	MAG
닭국	NNG
장미	NNG
잼	NNG
변합니다	VV+EF
강해져서	VA+EC+VX+EC
탐	NNG
어린잎	NNG
피칸	NNP
불끈	MAG
디종	NNP
요플레	NNP
페스	NNP
푸실리	NNP
머핀	NNG
어슷썰기	NNG
섬유	NNG
혹	MAG
샐러드유	NNG
미음	NNG
솜씨	NNG
총	MM
변화	NNG
인용	NNG
전채	NNG
아래위	NNG
비틀	VV
멜론	NNG
엄청난	VA+ETM
재배	NNG
특성	NNG
생긴다	VV+EC
시저	NNG
쉐이크	NNP
다이브	NNG
언제	MAG
세라믹	NNG
샐러드드레싱	NNG
면발	NNG
내고	NNP
휘젓	VV
브랜디	NNG
리큐르	NNP
봐도	VV+EC
둥	NNG
찢어질	VV+ETM
골라야	VV+EC+VX
레인스	NNP
민트	NNG
바쳐서	VV+EC
짐	NNG
팍팍	MAG
너겟	NNP
유산지	NNG
섭섭	XR
간간	MAG
랜드	NNG
생면	NNG
웨지	NNG
커런트	NNG
필링	NNG
생모	NNG
에멘탈	NNP
곶	NNG
쿠르트	NNP
쁘띠첼	NNP
하얀색	NNG
상쾌	XR
고민	NNG
마크	NNG
메밀	NNG
헹굴	VV+ETM
보송보송	MAG
배고픈	VA+ETM
타락	NNG
퐁당	MAG
저렇게	MAG
잡힙니다	VV+EF
잡혀요	VV+EF
부르르	MAG
때려	VV+EC
초회	NNG
튜	NNP
러서	EC
검정콩	NNG
주꾸미	NNG
양장피	NNG
사라져	VV+EC
여러모로	MAG
내어놓	VV
삥	MAG
둘러서	VV
그래요	IC
그걸로	NP+JKB
슬슬	MAG
스윗	NNP
미셀리	NNP
대해서	VV+EC
가스레인지	NNG
카라멜	NNP
녹일	VV+ETM
오려	VV+EC
줍시다	VX+EF
연출	NNG
로메인	NNP
스나	NNG
부드러워진	VA+EC+VX+ETM
찔러서	VV+EC
들어올리	VV
코렛	NNP
페트병	NNG
생쌀	NNG
토스트	NNG
트와인	NNP
사라다	NNG
이브	NNG
틀리	VA
파치	NNG
파르	NNP
구우시는	VV+EP+ETM
한상	NNG
카프레	NNP
유청	NNG
담긴	VV+ETM
낭만주의	NNG
망가질	VV+ETM
술정	NNG
갈릭	NNG
스도	NNP
실려면	EP+EC
채끝살	NNG
겨울철	NNG
당기	VV
홍시	NNG
적색	NNG
빙수	NNG
거봉	NNG
사워크림	NNG
비어	NNG
와서	VV+EC
움직이	VV
황설탕	NNG
더러운	VA+ETM
학원	NNG
께서	JKS
산적	NNG
뚫린	VV+ETM
흩어지	VV
귀퉁이	NNG
업그레이드	NNG
회차	NNG
칡	NNG
사각거리	VV
날치	NNG
열량	NNG
휘어지	VV
돌미나리	NNG
랄까	EC
런	NNG
미트	NNG
스켓	NNP
앞서	MAG
가해	VV+EC
변성	NNG
콩비지	NNG
피스타치오	NNP
바구니	NNG
꺼냈	VV+EP
흠집	NNG
플레	NNP
소박	NNG
액체	NNG
육젓	NNG
항아리	NNG
옆구리	NNG
암게	NNG
모래주머니	NNG
모으	VV
텅	MAG
내립니다	VV+EF
갓김치	NNG
고들빼기	NNG
무게	NNG
했어여	XSV+EP+EF
멸치젓	NNG
묻혔	VV+EP
주일	NNBC
워킹	NNG
진득	NNG
기다려	VV+EC
노랗	VA
고이	VV
마셔요	VX+EP+EC
절일	NNG
아쉬운대로	MAG
산성	NNG
개념	NNG
앞면	NNG
가진	VV+ETM
유용	NNG
의외로	MAG
탐나	VV
나박김치	NNG
정확	XR
파란색	NNG
밀리	NNBC
서울	NNP
물김치	NNG
눕혀	VV+EC
영상	NNG
시절	NNG
유에	NNG
동치	NNG
미무	NNG
무청	NNG
서늘	XR
여린	VA+ETM
줄줄	MAG
씌운	VV+ETM
켜켜히	MAG
건저	VV+EC
쏠쏠	XR
달착지근	XR
오래가	VV
고른	VV+ETM
아리	VV
액기	NNG
장물	NNG
진미	NNG
딴	MM
가셔서	VV+EC
버렸	VV+EP
여자	NNG
비빔국수	NNG
고른다	VV+EC
터진	VV+ETM
금요일	NNG
회식	NNG
으셨	EP+EP
기한	NNG
뜨끈	XR
풋	MAG
고춧잎	NNG
삽	NR
돕	VV
듬	NNG
부러지	VV
이야기	NNG
론	XSN
아직	MAG
당장	NNG
석이	NNG
정갈	XR
만지	VV
슴슴하	VA
순무	NNG
미안	NNG
섹	NNG
이리저리	MAG
여야	EC+VX
손안	NNG
타리	NNG
여름철	NNG
비오	VV
마친	VV+ETM
명심	NNG
만주	NNP
시어머님	NNG
아까워	VA+EC
살포시	MAG
물러져요	VA+EC+VX+EF
관계	NNG
연구	NNG
결과	NNG
오이소박이	NNG
진공	NNG
돋궈	VV+EC
만만	XR
오돌오돌	MAG
돔	NNG
방송	NNG
총각무	NNG
웬만	XR
더라구	EC
총각김치	NNG
달라서	VA+EC
찐하	VA
식구	NNG
숙취	NNG
상처	NNG
나머진	NNG+JX
햇마늘	NNG
지대	NNG
아줌마	NNG
절임	NNG
나린	NNP
부스러기	NNG
한희정	NNP
양푼	NNG
김치찌개	NNG
적정	NNG
몰리	VV
시들시들	MAG
파김치	NNG
한주먹	NNG
보름	NNG
무김치	NNG
껄	VV
질까	EC+VX+EF
까져	VV+EC
홍차	NNG
쌔	MAG
뽕	NNG
병뚜껑	NNG
초절임	NNG
달기	NNG
질환	NNG
통해서	VV+EC
연근조림	NNP
내려줘야	VV+EC+VX+EC
발화점	NNG
말기	NNG
야마	NNG
삐	MAG
트기	NNG
래도	EC+VV+EF
에서부터	JKB
라구	EC
골드	NNP
에그	NNP
스크램블드에그	NNG
든든	XR
스페	UNT
와요	VX+EC
올려줄	VV+EC+VX+ETM
찌르	VV
찻잔	NNG
살짝이	MAG
아프	VA
증진	NNG
이걸로	NP+JKB
포개	VV
데미	NNP
전골	NNG
졸라	VV+EC
부순	VV+ETM
순한	VA+ETM
페페	NNP
치노	NNP
사워	NNG
밸	VV+ETM
찾아보	VV
추억	NR
해짐	XSA+EC+VX+ETN
요소	NNG
반면	NNG
호도	NNG
댕이	NNG
아내	NNG
어슷어슷	MAG
굳히	VV
뺍니다	UNKNOWN
고물	NNG
악	XPN
할꺼	VV+EF
렸을	EC+VX+EP+ETM
카스테라	NNP
좋아해서	VV+EC
춘장	NNG
짜파게티	NNP
막판	NNG
자장면	NNG
이석봉	NNP
계세요	VV+EC
드리	VX
캬라멜	NNG
스타일	NNG
노른	VA+ETM
오트밀	NNG
우리나라	NNG
당분	NNG
게요	EF
물오징어	NNG
부치기	NNG
라틴	NNP
복분자	NNG
마일드	NNP
마쉬	NNP
멜	NNP
로우	NNP
드라이	NNP
하로	NNG
비스코	NNP
프론	NNBC+VCP+ETM
덧	XPN
부으	VV
막상	MAG
늘어지	VV
베이글	NNP
모닝	NNP
요거	NP
요정	NNG
테스트	NNG
엥	IC
분후	NNG
잡히	VV
제스터	NNP
콤포트	NNP
붇	VV
꾸며	VV+EC
땡초	NNG
저지방	NNG
국시	NNG
한천	NNG
조직	NNG
성인	NNG
참조	NNG
라즈베리	NNG
벳	NNG
아이스크림	NNG
우와	IC
군침	NNG
돌아	VV
찾아가	VV+EC
아이보리	NNG
커버	NNG
웨하스	NNG
까끌	XR
싱구	NNG
뿔	NNG
자유인	NNG
식물	NNG
온통	MAG
오래오래	MAG
계량스푼	NNG
리치	NNG
어야지	EC
싱글	MAG
래스	NNG
소다수	NNG
박하	NNG
보여	VV+EC
용해	NNG
오렌	NNP
지향	NNG
흡사	MAG
샤베트	NNG
자일로스	NNG
일기	NNG
에센스	NNG
데워진	VV+EC+VX+ETM
커스터드	NNG
열심히	MAG
느슨	XR
푸딩	NNG
장미꽃	NNG
냥	NNBC
다크	NNG
녹기	NNG
선물	NNG
트리	NNG
몰린	VV+ETM
남대문	NNP
캐러멜	NNG
막대기	NNG
북	NNP
샴푸	NNG
얼릴	VV+ETM
얼린다	VV+EF
말차	NNG
부으며	VV+EC
쉘	NNP
츄	MAG
템퍼링	NNG
가나	NNP
슈거	NNG
초면	NNG
녹여준다	VV+EC+VX+EF
굳기	NNG
정해진	VV+EC+VX+ETM
말랑말랑	MAG
굳힐	VV+ETM
베이커리	NNP
샴페인	NNG
편해서	VA+EC
가히	NNG
깜박	MAG
몰드	NNG
제빵	NNG
코코아	NNP
피해	VV+EC
메론	NNP
화채	NNG
했었	VV+EP
얼린	VV+ETM
에이	NNG
모노	NNP
몰랐	VV+EP
일까	VCP+EC
참외	NNG
쨈	UNKNOWN
써니	NNG
걸죽한	VA+ETM
식단	NNG
메인	VV+ETM
송글송글	MAG
맺히	VV
노곤	NNG
열대	NNG
백설탕	NNG
간간히	MAG
노릿	XR
퀴	UNKNOWN
청국장	NNG
더더욱	MAG
국도	NNG
좀더	MAG
힘차	VA
일어날	VV+ETM
레인지	NNG
겁	NNG
쨈이	UNKNOWN
유리병	NNG
알알이	MAG
는다죠	EF
아진	NNG
댔	XSV+EP
뎁혀	VV+EC
활성	NNG
다루	NNG
녀석	NNB
갈릴	VV+ETM
떨어뜨려서	VV+EC
뭉글뭉글	MAG
꺼야	VV+EC
열탕	NNG
주당	NNG
식객	NNG
다간	EC+JX
직경	NNG
포도즙	NNG
찰랑거리	VV
사악	NNG
미숫가루	NNG
경단	NNG
갯	NNP
딩	MAG
호떡	NNG
래퍼	NNG
카스텔라	NNG
접대	NNG
단자	NNG
부꾸미	NNG
배꼽	NNG
좋아합니다	VV+EC
진달래꽃	NNG
반대편	NNG
던져	VV+EC
케이크	NNG
찌기	NNG
물끼	NNG
형제	NNG
내려준	VV+EC+VX+ETM
부셔지	VV
닥	NNP
백설기	NNG
푸드	NNG
프로세서	NNG
추소	NNG
둥둥	MAG
끈적이	VV
내줍니다	VV+EF
중력분	NNG
유채	NNG
불포화	NNG
지방산	NNG
함유	NNG
매작과	NNG
칩	NNG
비빈	VV+ETM
절편	NNG
무려	MAG
소심	XR
매니아	NNP
설익	VV
강낭콩	NNG
살짝살짝	MAG
유사	XR
나눴	VV+EP
통일	NNG
통과	NNG
방아	NNG
가져가	VV
떡살	NNG
늘려서	VV+EC
내려지	VV
올라간	VV+ETM
주전자	NNG
벗겨진다	VV+EC+VX+EF
적힌	VV+ETM
약식	NNG
칠수록	VV+EC
쪼매	MAG
문양	NNG
증편	NNG
내려야	VV+EC
죽물	NNG
조그마	XR
쩌	MAG
타래과	NNG
고집	NNG
내릴	VV+ETM
믄	EC
며루치	NNG
형성	NNG
화전	NNG
벌꿀	NNG
찰떡	NNG
답니당	EF
돌려줍니다	VV+EF
깔린	VV+ETM
잘나	VA
꺼지	VV
미색	NNG
사라질	VV+ETM
섞인다	VV+EF
뭉쳤	VV+EP
두당	NNP
디동	NNG
쳐준	VV+ETM
스폰지	NNG
광파	NNG
다식	NNG
구워져	VV+EC+VX+EC
스노우	NNP
통팥	NNG
빈혈	NNG
이겨	VV+EC
찐빵	NNG
바쁠	VA+ETM
소분	NNG
저울	NNG
성형	NNG
지키	VV
오므린	VV+ETM
무염	NNG
무가당	NNP
수플레	NNG
얌	NNP
이현주	NNP
타르트	NNG
깍지	NNG
칠한	VV+ETM
내리치	VV
뽕뽕	MAG
충전물	NNG
미끄러지	VV
기초	NNG
작업대	NNG
스콘	NNP
대개	MAG
테이블	NNG
멈추	VV
멍멍이	NNG
화산	NNG
움푹	MAG
휴지	NNG
날가루	NNG
감안	NNG
루아	NNP
마냥	MAG
남겨둔	VV+EC+VX+ETM
밀기	NNG
굵직굵직	XR
기위	NNG
남긴	VV+ETM
올라와요	VV+EF
글씨	NNG
이음매	NNG
버처	NNP
줄무늬	NNG
귀	NNG
귀엽	VA
마음대로	MAG
정식	NNG
포장지	NNG
분당	NNP
버터크림	NNG
어가	EC
숨구멍	NNG
올라와	VV+EC
어떠세요	VA+EP+EC
알알	NNG
조심히	MAG
분과	NNG
겔	NNG
호프	NNG
두루	VV
둥그런	VA+ETM
부운	VV+ETM
제과	NNG
못지	VA+EC
죄송	XR
키우	VV
친후	NNG
단접기	NNG
할수록	VV+EC
페이스트리	NNP
반점	NNG
핫케이크	NNG
샌	VV+ETM
쉬이	MAG
오버	NNG
휩	NNP
머랭	NNP
마블	NNG
이미지	NNG
멋있	VA
아이싱	NNG
정량	NNG
크림색	NNG
마스	NNP
티라	NNP
정석	NNG
저속	NNG
고속	NNG
두뇌	NNG
체어	NNG
섞여서	VV+EC
포근	XR
팬케이크	NNG
아랫면	NNG
떠넣	VV
귀여운	VA+ETM
뗀	VV+ETM
산딸기	NNG
퓌레	NNG
멋지	VA
커팅	NNG
로다가	JKB
태우	VV
가당	NNP
시켜준다	XSV+EC+VX+EC
지는	XSV+EC+JX
춰	VV+EC
쑤욱	MAG
고루고루	MAG
스코티	NNP
올려준	VV+EC+VX+ETM
카카오	NNG
청크	NNP
보슬보슬	MAG
뭉칩니다	UNKNOWN
뭉쳐진	VV+EC+VX+ETM
탄내	NNG
낭시	NNG
민감	XR
갈려	VV+EC
비스	NNG
서걱거리	VV
퀴를	UNKNOWN
나뭇잎	NNG
평	NNG
타요	NNP
트랙	NNG
도넛	NNG
제과점	NNG
브런치	NNP
바케	NNP
가염	NNG
썼	VV+EP
반죽기	NNG
매끄러워	VA+EC
끝나	VV
강아지	NNG
러스크	NNG
마들렌	NNP
쇼트닝	NNG
산도	NNG
츌러를	UNKNOWN
광택제	NNG
굳어진	VV+ETM
들어올렸	VV+EP
생겼	VV+EP
오브	NNP
들어올려	VV+EC
어서요	EC
찰진	VA+ETM
동작	NNG
스티로폼	NNG
둥글리	VV
진저	NNG
다를	VA+ETM
드디어	MAG
꼬집	VV
비스킷	NNG
자랑	NNG
탔	VV+EP
마쳐	VV+EC
감쌀	VV+ETM
괜챦습니다	UNKNOWN
조정	NNG
뭉글	VV
서걱	MAG
단게	VA+ETM+NNB+JKS
느껴진	VV+EC+VX+ETM
위함입니다	VV+ETN+VCP+EF
완료	NNG
민다	NNP
개정	NNG
거미줄	NNG
과류	NNG
힘껏	MAG
슈크림	NNG
기울여	VV+EC
주저	NNG
크런치	NNG
브라우니	NNG
스티브	NNP
쳐둔	VV+EC+VX+ETM
클래식	NNG
반티	NNG
분한	VA+ETM
굳어지	VV
그려	VV+EC
저하	NNG
크렌	NNP
전처리	NNG
측면	NNG
손끝	NNG
박혀	VV+EC
뜨려	VV+EC
내렸	VV+EP
찬기	NNG
소보로빵	NNG
팥빵	NNG
슈와	NNP
퐁	NNG
완벽히	MAG
렌	NNG
왕성	XR
뭉쳐졌	VV+EC+VX+EP
텐	NNG
보온	NNG
시킴	XSV+ETN
핑거	NNP
손등	NNG
마카	NNP
다미아	NNP
섞였	VV+EP
관	NNBC
옮기	VV
끌어올리	VV
빵틀	NNG
미로	NNG
쨈도	UNKNOWN
크레이프	NNG
교차	NNG
늘어진	VV+ETM
노릿노릿	XR
힘주	VV
면포	NNG
태운	VV+ETM
가라앉히	VV
감귤	NNG
부채꼴	NNG
욕심내	VV
파서	VX+EC
차가우	VA
늘여	VV+EC
펴지	VV
늘려	VV+EC
습도	NNG
옆쪽	NNG
이제야	MAG
취사	NNG
넘어가	VV
만졌	VV+EP
샬롯	NNP
도씨	NNG
전후	NNG
노화	NNG
클래스	NNP
그닥	MAG
달지	NNP
일류	NNG
둥글납작	XR
헤이즐넛	NNP
시리얼	NNP
부리	VV
체질	NNG
크랙	NNG
마실	VV+ETM
모자	NNG
탕탕	MAG
내려쳐	VV+EC
커지	VV
회정	NNG
핑기	NNG
공기층	NNG
크로	NNP
와상	NNG
패스	NNG
측정	NNG
박스	NNG
방산	NNG
밀어준	VV+ETM
누름	NNG
스칼라	NNG
가루분	NNG
낸다는	VV+ETM
쌓이	VV
다며	EC
회오리	NNG
제주	NNP
중속	NNG
커피시럽	NNG
챠	NNP
벼	VX+EF
씌운다	VV+EC
오무려	VV+EC
찹쌀떡	NNG
우면	NNG
쇼핑몰	NNG
점검	NNG
장만	NNG
변해	VV+EC
백색	NNG
살펴	VV+EC
드셔서	VV+EP+EC
오른손	NNG
왼손	NNG
턱	NNG
힘드신	VA+EP+ETM
파피	NNP
씨드	NNP
호화	NNG
마론	NNP
효모	NNG
커질	VV+ETM
개당	NNG
다름	VA+ETM
무언가	NP+VCP+EC
타피오카	NNG
야구공	NNG
탁	MAG
어쩌다	MAJ
쭈글쭈글	MAG
마련	NNG
냈	VX+EP
대추차	NNG
터져서	VV+EC
포함	NNG
감기	NNG
광주	NNP
강물	NNG
수정과	NNG
고선	EC+JX
둠	VX+ETN
술집	NNG
수정	NNG
핏	NNG
식혜	NNG
빙수기	NNG
공항	NNG
감정	NNG
과외	NNG
엿기름	NNG
악당	NNG
건데	NNB+VCP+EC
깁니다	ETN+VCP+EF
꽈	UNKNOWN
거니와	EC
에어	NNG
올라왔	VV+EP
카푸치노	NNP
러스	NNP
유리잔	NNG
임산부	NNG
임신	NNG
자궁	NNG
보드카	NNG
낄	VA
쉐이	NNP
흔드	VV
더울	VA+ETM
심플	NNP
하이볼	NNG
징거	NNG
버거	NNG
기회	NNG
발효기	NNG
캄	NNP
힘든데	VA+EC
재로	NNG
음미	NNG
적용	NNG
다방	NNG
라테	NNG
게다가	MAG
유산균	NNG
계량컵	NNG
시미	NNG
특색	NNG
방치	NNG
정수기	NNG
왔	VX+EP
가락	NNG
더디	VA
사우	NNG
라우트	NNP
코울	NNP
슬로	NNG
우드	NNG
부서져서	VV+EC
번거로워	VA+EC
품질	NNG
시커먼	VA+ETM
카라	NNP
응	IC
다대기	NNG
모밀	NNG
빨래	NNG
면은	VCP+EC
칼국	NNG
무림	NNG
채워서	VV+EC
전골냄비	NNG
메밀묵	NNG
푸욱	MAG
이색	NNG
윈드	NNP
흔히	MAG
정하	VV
비빔냉면	NNG
우려냈	VV+EP
송탄	NNG
매작	NNG
진주	NNP
모기	NNG
국수사리	NNG
할까요	VX+EC
콩과	NNG
오이채	NNG
그곳	NP
한모	NNG
갈수록	MAG
콩국수	NNG
계장	NNG
겁나	VV+EC
동아	NNP
흠	IC
치가	XSA+EC+JKS
은빛	NNG
들러	VV+EC
두국	NNG
할까	XSV+EC
진정	XR
뻥	NNG
퍼져	VV+EC
권장	NNG
담아낸	VV+ETM
근육	NNG
부도	NNG
여유있	VV
만두전골	NNG
자박자박	MAG
자장	NNG
물냉면	NNG
쳐내	VV+EC
어쩌	VV
우도	NNG
위시	NNG
신호	NNG
중면	NNP
가리	NNG
드려	VV+EC
운동	NNG
는지요	EC
처서	NNG
벽	NNG
덮힌	VV+ETM
떨어져서	VV+EC
훌훌	MAG
됍니다	UNKNOWN
폭발	NNG
나갑니다	VX+EC
일직선	NNG
남아도	VV
착하	VA
양조	NNG
간과	NNG
살라미	NNG
바실리	NNG
까르보	NNP
줍	VV
걸러진	VV+EC+VX+ETM
얌전히	MAG
익혀둔	VV+EC+VX+ETM
요래	VV+EC
메밀가루	NNG
점막	NNG
팔뚝	NNG
가라앉혀	VV+EC
동면	NNG
달라	VA+EC
중량	NNG
늠	ETM
대여섯	NR
단골	NNG
어떠	XR
콩가	NNG
이태	NNG
리식	NNG
뿌려진	VV+EC+VX+ETM
모습	NNG
그라나	NNG
빠다	NNG
라비올리	NNG
라자	NNP
베샤멜소스	NNG
학교	NNG
알단	NNP
베사	NNP
멜라	NNP
예뿌	VA
사멜	NNP
서울우유	NNP
씌	VV
아이스	NNG
귀니	NNP
인지라	VCP+EC
끝날	VV+ETM
단테	NNP
라자냐	NNP
물만두	NNG
어짜피	MAG
초가량	NNG
믿	VV
놓치	VV
덕분	NNG
햐	IC
최종	NNG
리코타	NNP
촘촘히	MAG
또르르	MAG
옴	VV+ETN
줬	VX+EP
쏟아져	VV+EC
과감히	MAG
어려워	VA+EC
렵니다	EC
벌집	NNG
쏘세지	NNP
이식	NNG
패인	VV+ETM
벌어져	VV+EC
깔깔	XR
해진다고	XSA+EC+VX+EC
비지찌개	NNG
룻	NNG
부두	NNG
헬	NNP
감자탕	NNG
요건	NP+JX
장맛	NNG
가깝	VA
직장	NNG
어르신	NNG
파니	NNG
고추장찌개	NNG
곱창	NNG
꼬맹이	NNG
내음	NNG
고여	VV+EC
집게발	NNG
조립	NNG
으셔요	EC
스스로	MAG
아닐	VCN+ETM
해캄	NNG
연포탕	NNG
배어나	VV
습니당	EF
살랑살랑	MAG
재래식	NNG
흔적	NNG
프로그램	NNG
칙	MAG
갸	NP
장점	NNG
터트려	VV+EC
못해	VX+EC
조개탕	NNG
두부찌개	NNG
쓰인	VV+ETM
부대찌개	NNG
반스	NNP
서진	NNG
회분	NNG
사브	NNP
착착	MAG
가을철	NNG
순두부	NNG
우랑	NNG
순두부찌개	NNG
벌릴	VV+ETM
더한다	VV+EC
초대	NNG
비려	NNP
생선전	NNG
제사	NNG
아실	VV+EP+ETM
우러났	VV+EP
걸쳐서	VV+EC
봄날	NNG
톰	NNG
꺼풀	NNG
우럭	NNG
킨	XSV+ETN+JX
투박	XR
른	UNKNOWN
탄탄	XR
짠지	NNG
으러	EC
쉬운데	VA+EC
해물탕	NNG
새우젓국	NNG
토로	NNG
인기	NNG
마무	NNG
리카	NNP
자연스레	MAG
매생이	NNG
어우러졌	VV+EP
풀어졌	VV+EP
스토리	NNG
설어	NNG
옹심	NNG
지짐	NNG
가마솥	NNG
도식	NNG
뷔페	NNG
대략	MAG
이기	VV
풀어질	VV+ETM
장떡	NNG
걸려서	VV+EC
셋	NR
아까우	VA
부서집니다	VV+EF
청홍	NNG
굴전	NNG
거뭇거뭇	MAG
베인	VV+ETM
쥬얼	NNP
부채살	NNP
고추전	NNG
개서	MAJ
튈	VV+ETM
달라진	VV+ETM
나온다고	VV+EC
피우	VV
전이	NNG
밍	NNG
개수	NNG
개분	NNG
겉쪽	NNG
휙	MAG
쏭	NNG
꿀맛	NNG
부비	NNG
버려서	EC+VX+EC
찝	VV
랍	NNG
이파리	NNG
전하	VV
므	UNKNOWN
한줌	NNG
턴	VV+ETM
펼치	VV
애호박전	NNG
캉	NNG
어우러져서	VV+EC
우가	NNG
코노미	NNP
들리	VV
멀리	MAG
도우	NNG
집중	NNG
워낙에	MAG
통식	NNG
좔좔	MAG
끄집어내	VV
유리컵	NNG
저번	NNG
잔뜩	MAG
스치	VV
버튼	NNG
두깨	NNG
쓰러지	VV
엄니	NNG
로제	NNG
그라탱	NNG
괴물	NNG
넓직	XR
붙인	EC+VV+ETM
쨈이나	UNKNOWN
햄버거	NNG
줄였	VV+EP
살결	NNG
필라델피아	NNP
나이	NNG
몇몇	NR
계신	VX+ETM
한마디	NNG
자연해동	NNG
아바타	NNP
록	NNG
얄	NNG
텐더	NNG
아상	NNG
대명사	NNG
두꺼워	VA+EC
여리	VA
터키	NNP
타코	NNP
피타	NNG
브레드	NNG
욕심	NNG
물결	NNG
쨈을	UNKNOWN
놓아둔	VV+ETM
쨈과	UNKNOWN
버팔로	NNP
정렬	NNG
또르	MAG
완제품	NNG
아야지	EF
즐겨요	VV+EC
가공	NNG
주요	NNG
페퍼로니	NNP
아웃백	NNP
줄어드	VV
밥반찬	NNG
스며드	VV
꺼냅니다	VV+EF
라이스버거	NNP
피로	NNG
스쿱	NNP
추워	VA+EC
지네	NNG
호밀	NNG
볼록	MAG
맹글	VV
짭쪼롬한	UNKNOWN
이탈리아	NNP
노나	VV+EC
부푼	VV+ETM
구나	EF
잡곡밥	NNG
감자채	NNG
터질	VV+ETM
히히	IC
꿀떡	MAG
돋우	VV
지난번	NNG
느라	EC
반절	NNG
엄지손톱	NNG
제주도	NNP
파절	NNG
뿅	MAG
춘천	NNP
닭갈비	NNG
척	MAG
한스	NNP
고니	NNG
꽈리	NNG
들어왔	VV+EP
즐거워	VA+EC
부추잡채	NNG
결합	NNG
하도	MAG
쌀엿	NNG
버물	VV
미끌	MAG
줄여야	VV+EC
후다닥	MAG
달짝	XR
전해	VV+EC
잡아당기	VV
챂	UNKNOWN
분내	NNG
세지	NNG
기유	NNG
항	XSA+ETM
가는소금	NNG
매끈매끈	MAG
왈	MAG
구부려	VV+EC
뒷	MM
대단	XR
변신	NNG
일본풍	NNG
채식	NNG
익혀요	VV+EC
매워서	VA+EC
캐슈너트	NNG
붙혀	VV+EC
마파두부	NNG
때깔	NNG
내줘	VV+EC
블랑쉬	NNP
멀	VA
걸요	NNB+JKO+JX
프레시	NNP
으고	EC
통무	NNG
컬	VV+ETM
변경	NNG
주황	NNG
줄줄이	MAG
알쿠	NNP
슬러시	NNG
여름날	NNG
디저트	NNG
에이드	NNG
웰치	NNP
만남	NNG
껏	XSN
캠벨	NNP
메이드	NNP
인디안	NNP
카프리썬	NNP
파티	NNG
판나코타	NNP
황홀	NNG
녹아내리	VV
스페셜	NNP
펀치	NNG
농심	NNP
찰비빔면	NNP
더한	VV+ETM
고치	NNG
비빔면	NNP
스낵	NNG
신라면	NNP
고단	NNG
몸매	NNG
면역력	NNG
머슬	NNP
태아	NNG
태교	NNG
개발	NNG
리릭	NNG
할게요	XSV+EC
액상	NNG
요렇게	MAG
출출	XR
야식	NNG
감자볶음	NNG
썹니다	UNKNOWN
볼게요	VX+EF
퀘	NNG
사디	NNG
스트레스	NNG
계획	NNG
미션	NNG
합쳐	VV+EC
누름돌	NNG
내려요	VV+EC
블론디	NNP
수비	NNG
안성탕면	NNP
모발	NNG
두피	NNG
머릿결	NNG
탈모	NNG
장운동	NNG
주르륵	MAG
볼까	VX+EC
주르르	MAG
불금	NNG
무기질	NNG
성인병	NNG
원인	NNG
혈당	NNG
발휘	NNG
크림슈	NNP
슈에	NNG
흔하	VA
지겹	VA
장보	VV
쓰일	VV+ETM
입덧	NNG
밥숟가락	NNG
말캉	XR
할께요	XSV+EF
생각나	VV
자취생	NNG
도리아	NNG
물컹물컹	MAG
여며	VV+EC
사양	NNG
작년	NNG
해둡니다	XSV+EC+VX+EC
쬐끔	MAG
이웃	NNG
밥상	NNG
농산물	NNG
쇼트브레드	NNP
김구이	NNG
묶음	NNG
묵혀	VV+EC
아쉬움	NNG
거치	VV
감겨	VV+EC
선선	NNG
아망	NNG
디오	NNP
쇼콜라	NNP
시식	NNG
공모전	NNG
수상	NNG
대상	NNG
대패	NNG
툭툭	MAG
채전	NNG
볼께요	VX+EF
밀과	NNG
녹두알	NNG
밀어줄	VV+ETM
사그락	MAG
트렉	NNP
내리쳐	VV+EC
트지	NNP
큼씩	JKB+XSN
는대요	EC
불상사	NNG
다요	EC
슥	MAG
발랐	VV+EP
옛	MM
느껴졌	VV+EC+VX+EP
롤빵	NNG
오랜만	NNG
따끈따끈	MAG
방학	NNG
간식거리	NNG
휙휙	MAG
돌아가	VV
면적	NNG
돌돌돌	MAG
사정	NNG
싸우	VV
마치	VV
채울	VV+ETM
채웠	VV+EP
집들이	NNG
치전	NNG
레제르	NNP
메렝게	NNP
마스터	NNP
셰프	NNP
코리아	NNP
심사	NNG
위원	NNG
살찔	VV+ETM
살렸	VV+EP
토치	NNG
진리	NNG
무더운	VA+ETM
불앞	NNG
퍼먹	VV
자동	NNG
조리법	NNG
장찌개	NNG
거쳐야	VV+EC
쪽쪽	MAG
면면	NNG
아까워서	VA+EC
콜라겐	NNG
새우볶음	NNG
캐나다	NNP
여러분	NP
포스팅	NNP
블로거	NNP
대니얼	NNP
알차	VA
구성	NNG
다니엘	NNG
방문	NNG
구독자	NNG
푸릇	XR
소요	NNG
건데요	NNB+VCP+EC
가질	VV+ETM
혼자	MAG
점심	NNG
차려	VV+EC
봅	NNP
제각각	NNG
헛구역질	NNG
고소미	NNP
시점	NNG
들어오	VV
피곤	NNG
정신	NNG
먹방	NNG
살찌	VV
투하	NNG
요리조리	MAG
아이템	NNG
소프트	NNG
감동	NNG
발렌타인	NNP
세상	NNG
휘이	MAG
영양식	NNG
그윽	XR
달라질	VV+ETM
남녀노소	NNG
경상	NNG
올해	NNG
잘리	VV
이만큼	MAG
점보	NNG
매트	NNG
초초	NNG
여의치	VA+EC
효자	NNG
포실	XR
현미밥	NNG
짭쪼름하게	UNKNOWN
진다는	VX+ETM
생리	NNG
불순	NNG
무월경	NNG
생리통	NNG
신진대사	NNG
혈액	NNG
순환	NNG
철분	NNG
깜빡	MAG
주욱	MAG
반모	NNG
티타임	NNG
갖춘	VV+ETM
은은히	MAG
순대볶음	NNP
살치	NNG
도르르	MAG
데굴데굴	MAG
초스피드	NNG
폭신폭신	MAG
아메리카노	NNP
븐	VX+ETM
볼께	VX+EF
철망	NNG
유리그릇	NNG
사각형	NNG
깨트려	VV+EC
친정	NNG
그동안	NNG
한가득	MAG
어찌나	MAG
치웠	VX+EP
껀	NNB+JX
평범	XR
백종원	NNP
가로세로	NNG
버물버물	MAG
스크럼	NNG
보고	JKB
칼륨	NNG
숙변	NNG
리오	EC
상당	NNG
자고	EC
조물락	MAG
당양	NNP
사르르	MAG
식상	NNG
반응	NNG
장기간	NNG
먹거리	NNG
흉내	NNG
내봤	VV+EP
돌려준	VV+ETM
바파	NNP
아웃	NNG
자니	EC
샀어요	VV+EP+EC
인트	NNP
노노	IC
페투치니면을	UNKNOWN
쨘	UNKNOWN
만한	VX+ETM
사먹	VV
뇌	NNG
세포	NNG
발달	NNG
고로케	NNG
내줬	VV+EP
챔은	UNKNOWN
이원일	NNP
계란탕	NNG
반해	VV+EC
바랄	VV+ETM
중강	NNG
식자재	NNG
자매	NNG
장반	NNG
뛰어난	VA+ETM
신항	NNG
계란덮밥	NNG
도저	NNG
초무침	NNG
오이냉국	NNG
킷	NNP
살려줄	VV+EC+VX+ETM
포슬포슬	MAG
적혀	VV+EC
디아	NNG
풍겨	VV+EC
뒤적뒤적	MAG
레오	NNP
모는	VV+ETM
몬테	NNP
크리스토	NNP
피크닉	NNP
몬	VV
아랫	MM
가베	NNP
다쿠아즈	NNP
토닥토닥	MAG
지글지글	MAG
호로록	MAG
배부르	VA
브레	NNP
거린	XSV+ETM
더워서	VA+EC
크린	NNP
마땅히	MAG
릅니다	UNKNOWN
프리타타	NNP
유아	NNG
주말	NNG
지친	VV+ETM
혹시나	MAG
벌써	MAG
후딱	MAG
잔반	NNG
쫀쫀	XR
데로	JX
해준	NNP+JX
달걀덮밥	NNG
엽산	NNG
두부덮밥	NNP
보내	VV
핀지	NNG+VCP+EC
우승	NNG
접어주	VV
굴러가	VV
댑니다	EF
두부조림	NNG
디앙	NNP
만들기	NNP
공개	NNG
계	NP
기다렸	VV+EP
미채	NNG
장진	NNG
쫙쫙	MAG
집집	NNG
화력	NNG
짜잔	MAG
굴튀김	NNG
어울린다	VV+EC
다닐	VV+ETM
포장마차	NNG
감돌	VV
크랜	NNP
어치	NNG
불향	NNG
연기	NNG
제조	NNG
컷팅	NNP
백주	NNG
부표	NNG
텔	NNG
쓱쓱	MAG
차례차례	MAG
넘쳐나	VV
수북히	MAG
감자튀김	NNG
마침	MAG
무쳤	VV+EP
이젠	MAG+JX
네이버	NNP
대전	NNG
소통	NNG
토론	NNG
토니안	NNP
소세	NNG
전반	NNG
땡길	VV+ETM
샷	NNG
너무나	MAG
연두	NNG
깜빡하	VV
컵케이크	NNG
드릴게요	VX+EC
란국	NNG
마가렛	NNP
따라잡	VV
한판	NNG
실망	NNG
사놓	VV
드릴께요	VX+EF
궁중	NNG
짭쪼름	UNKNOWN
정창	NNG
대세	NNG
창욱	NNP
이날	NNG
닭백숙	NNG
햇감자	NNG
한창	MAG
주문	NNG
다지요	EF
니쿠자가	NNP
머그	NNG
상관없이	MAG
포실포실	MAG
더라는	ETM
두루치기	NNG
국민	NNG
별다른	VA+ETM
대장암	NNG
과언	NNG
알려져	VV+EC+VX+EC
고갈	NNG
요만큼	MAG
쟁여	VV+EC
주전부리	NNG
두부구이	NNG
효능	NNG
해장국	NNG
오독오독	MAG
권해	VV+EC
통아	NNG
몬드	NNG
뒤적거려	VV+EC
막국수	NNG
두말	NNG
면수	NNG
치즈볼	NNP
연상	NNG
부종	NNG
해독	NNG
렌치	NNG
청포도	NNG
싱그러운	VA+ETM
청포	NNG
후루룩국수	NNP
미초	NNG
보낼	VV+ETM
동봉	NNG
포근포근	MAG
아쉬운	VA+ETM
마음	NNG
실까요	EP+EF
쳐넣	VV
짰	VV+EP
갈비구이	NNG
잰	VV+ETM
알아보	VV
지위	NNG
졸아든	VV+ETM
마음껏	MAG
캠핑	NNG
살린	VV+ETM
앙증맞	VA
키세스	NNP
모티브	NNG
밤고구마	NNG
지점	NNG
이연복	NNP
검색	NNG
윽	MAG
베니	NNP
칠면조	NNG
어려워하	VA+EC+VX
새까맣	VA
질척거리	VV
장구	NNG
세일	NNG
썸	NNG
일요일	NNG
시험	NNG
수다	NNG
폴리쉬	NNP
기다립니다	VV+EC
밤새	NNG
스미	VV
걸린	VV+ETM
단위	NNG
마이리	NNP
릭	NNG
만능	NNG
크리스마스	NNP
타이밍	NNG
풍만	NNG
불안	NNG
후식	NNG
아쉬워	VA+EC
둬요	VX+EF
얼추	MAG
파운드케이크	NNG
김무	NNP
다가오	VV
처트	NNG
김민준	NNP
도전자	NNG
선보인	VV+ETM
프렌치토스트	NNG
구부려서	VV+EC
벅	MAG
애플파이	NNG
대충대충	MAG
올립니다	VV+EC
합체	NNG
크램	NNP
재질	NNG
후후	MAG
글로벌	NNG
기울여서	VV+EC
한우	NNG
내맘대로	NP+JKG+NNG+JX
저염식	NNP
뽐내	VV
다시금	MAG
라볶이	NNG
뷰티	NNG
잦	VA
모임	NNG
새하얀	VA+ETM
로맨틱	XR
러블리	NNP
빙글빙글	MAG
빼빼	NNG
장무	NNG
짭쪼름하고	UNKNOWN
해볼까	VV+EC+VX+EC
담당	NNG
지체	NNG
산모	NNG
벅벅	MAG
이래저래	MAG
콜라보	NNP
보글거리	VV
질려	VV+EC
홍대	NNG
진심	NNG
부속	NNG
불러	VV+EC
고구	NNP
듬뿍듬뿍	MAG
랍니당	EF
구용	NNG
드린	VX+ETM
맥나잇	NNP
미역볶음	NNG
골다공증	NNG
다글다글	MAG
골연화증	NNG
성장	NNG
기이	NNG
유식	NNG
흘러나와	VV+EC
요로	NNG
공유	NNG
야무지	VA
들어갑니다	VV+EC
츌러로	UNKNOWN
단순	NNG
환절기	NNG
패닝	NNG
뿌듯	XR
여느	MM
착한	VA+ETM
요런	MM
손두부	NNG
독일	NNP
몰랑	NNG
자르르	MAG
이소	NNG
플라본	NNG
안면	NNG
홍조	NNG
갱년기	NNG
증후군	NNG
장려상	NNG
곁들였	VV+EP
상추쌈	NNG
달큼	XR
동물	NNG
저리	NNG
어마어마	XR
가을무	NNG
백만	NR
팝콘	NNG
신혼	NNG
보여도	VV+EC
바바루아	NNG
편평	XR
출	VV+ETM
무한도전	NNP
정준하	NNP
다이어터	NNP
바꿔서	VV+EC
스트링	NNP
치맥	NNG
면당	NNG
올라갈	VV+ETM
예정	NNG
프랑스	NNP
탄수화물	NNG
에너지	NNG
보호	NNG
다졌	VV+EP
까슬까슬	XR
지척	NNG
동한	VV+ETM
데쳐진	VV+EC+VX+ETM
일품요리	NNG
외식	NNG
인해서	VV+EC
위장	NNG
리소토	NNG
해봅시다	VV+EC+VX+EC
챔	UNKNOWN
간만	NNG
김으로	NNP
왁스	NNG
추출	NNG
한껏	MAG
맘모스	NNG
유혹	NNG
만족	NNG
고고	NNG
버전	NNG
반짝반짝	MAG
흰쌀밥	NNG
최근	NNG
밸런스	NNG
개선	NNG
혈관	NNG
가져왔	VV+EP
즐거움	NNG
데마	NNG
반원	NNG
계산	NNG
땋	VV
냉기	NNG
깻잎쌈	NNG
연인	NNG
모조리	MAG
으뜸	NNG
초정	NNG
파장아찌	NNG
돌아오	VV
옮겨서	VV+EC
얼갈이김치	NNG
설컹	XR
그레이	NNP
그레	EC
기공	NNG
마법	NNG
두부김치	NNP
우울증	NNG
밀도	NNG
폐경	NNG
말아먹	VV
비상	NNG
짜장면	NNG
뙇	UNKNOWN
새롭	VA
인치	NNP
그리곤	MAJ+JX
화룡점정	NNG
부참	NNG
다뤄	VV+EC
부쳤	VX+EP
내내	MAG
라지	NNG
가루라	NNG
쌓여	VV+EC
레이팅	NNG
오리볶음	NNG
연휴	NNG
달달달	MAG
올라옵니다	VV+EF
노오란	VA+ETM
우연히	MAG
귀여워서	VA+EC
분식	NNG
뿍	MAG
에스트로겐	NNG
힐링	NNG
숭숭	MAG
촥	MAG
베타카로틴	NNG
늘상	MAG
연양	NNG
던지요	EF
나물볶음	NNG
지난주	NNG
끓어오른	VV+ETM
고기볶음	NNG
잡아가	VV
생닭	NNG
드셔요	VV+EP+EF
아저씨	NNG
휘적휘적	MAG
애그	IC
생김	NNG
비벼준다	VV+EC+VX+EC
개량	NNG
이어	MAG
왕창	MAG
투입	NNG
즉석밥	NNP
차리	VV
찐한	VA+ETM
치즈케이크	NNP
동영상	NNG
춥	VA
생각났	VV+EP
누르개	NNG
오미	NNP
국면	NNG
생우	NNG
토르	NNP
티아	NNP
알래스카	NNP
쌀빵	NNP
지긋이	MAG
더우니	VA+EC
어쩌면	MAG
소풍	NNG
매점	NNG
투게더	NNP
야간	NNG
반찬거리	NNG
유막	NNG
시켜요	XSV+EF
무얼	NP+JKO
기존	NNG
맘대로	MAG
고혈압	NNG
당뇨병	NNG
미용	NNG
순두	NNG
부국	NNG
놨던	VX+EP+ETM
제법	MAG
칭찬	NNG
그득	MAG
올리오	NNP
장면	NNG
로치	NNP
미카엘	NNP
동그라미	NNG
못했	VX+EP
마약	NNG
스카치	NNP
비주얼	NNG
단짝	NNG
채무	NNG
궜던	UNKNOWN
시금치나물	NNG
고를	VV+ETM
그래서인지	VA+EC+VCP+EC
훅	MAG
불과	MAG
오가	VV
쌀쌀	XR
야채실	NNG
봉구	NNG
손이	NNG
세우	VV
예용	EF
수치	NNG
할거	XSA+ETM+NNB+VCP
맥앤치즈	NNP
초딩	NNG
냉증	NNG
스테미	NNP
확보	NNG
폭풍	NNG
신나	VV
토요일	NNG
다이소	NNP
뢰스	NNG
려다가	EC
순수	NNG
실제로	MAG
심야식당	NNP
푸치노	NNP
끌어올려	VV+EC
정보통	NNG
요게	NP+JKS
부전	NNG
분식집	NNG
들어간다	VV+EC
박자	NNBC
유래	NNG
지중해	NNP
크렘	NNP
정통	NNG
트레이	NNP
이자카야	NNP
곤죽	NNG
윙윙	MAG
코코	NNG
허벅지	NNG
줄께요	VX+EF
끝났으니	VV+EP+EC
살전	NNG
간답니다	VX+EF
된다죠	VV+EF
부칩니다	VV+EF
조리시	NNP
블로그	NNG
부산	NNP
일본어	NNG
볶음국수	NNG
드렸	VX+EP
짭니다	VA+EF
했어요	XSV+EP+EC
바글	XR
그래야지	VV+EC
휴게소	NNG
어쩜	IC
정상	NNG
쓰임새	NNG
잠들	VV
징어	NNG
옵	EP
깜	NNP
꼬니	NNG
배운	VV+ETM
만날	VV+ETM
우루루	MAG
보약	NNG
딱히	MAG
나위	NNB
뒤엎	VV
퀵	NNG
홈파티	NNP
기리	MAG
오무	VV
삼각김밥	NNP
오니	NNG
시청	NNG
소울	NNG
감도	VV
푹푹	MAG
닭구이	NNG
처치	NNG
드셨	VX+EP+EP
해줌	XSV+EC+VX+ETN
할로	NNG
윈데	NNBC+VCP+EC
할로윈	NNG
데이	VV
지났	VV+EP
더운데	VA+EC
등갈비	NNG
염증	NNG
치료	NNG
졸였	VV+EP
지루	XR
똑	MAG
뜯어먹	VV
정육	NNG
서우	NNG
신혼집	NNG
술술	MAG
수란	NNG
꾸욱	MAG
불은	NNG
잦아들	VV
크랜베리스	NNP
니타르트	NNP
벌렸	VV+EP
못한	VX+ETM
찰랑찰랑	MAG
구리	EF
윤후	NNP
너구리	NNG
남겨둔다	VV+EC+VX+EF
미유	NNP
모디	NNG
바릴라	NNP
가져	VV+EC
한수	NNG
이하늬	NNP
관심	NNG
비워	VV+EC
조각조각	MAG
끝났으면	VV+EP+EC
점차	MAG
점도	NNG
팡팡	MAG
갈린	VV+ETM
신다	EP+EC
아쉬워서	VA+EC
도지마	NNP
끊기	VV
연두색	NNG
복날	NNG
대가	NNG
쉐프	NNP
짭쪼롬	UNKNOWN
행운	NNG
초코바나나	NNP
스프링	NNG
어니언	NNP
화사	NNG
투척	NNG
촵촵	UNKNOWN
치이	IC
솔솔솔	MAG
바르르	MAG
신의	NNG
치마	NNG
으셨으면	EP+EP+EC
컨셉	NNG
콩자반	NNG
유방암	NNG
짭쪼름하니	UNKNOWN
흑맥주	NNG
비프스튜	NNG
하이라이트	NNG
핵심	NNG
양도	NNG
캐스트	NNG
벌어진다	VV+EC
입니다요	VCP+EC
자세	XR
파르메산	NNP
폴폴	MAG
배정	NNG
시리즈	NNG
푸키	NNP
베베	NNP
사로잡	VV
냐구요	EC
덕지덕지	MAG
드릴려고	VX+EC
포마드	NNG
빈대떡	NNG
불인	NNG
한덩	NNG
티비	NNG
낮춰서	VV+EC
버터링	NNG
생과	NNG
라죠	EC
추울	VA+ETM
백종	NNG
원표	NNG
서브	NNG
해외	NNG
뱃속	NNG
꼿	NNG
동파육	NNP
마소	NNG
털기	NNG
달구리	NNG
톡톡톡	IC
교촌	NNG
이만	XR
망설이	VV
팟타이	NNP
기력	NNG
발육	NNG
기억력	NNG
향상	NNG
해졌	XSA+EC+VX+EP
딸아이	NNG
셰이크	NNG
설기	NNG
친숙	NNG
자주자주	MAG
놉	VA
표정	NNG
개성	NNG
새우구이	NNG
연갈색	NNG
이용한	NNP
고는	EC
포트	NNG
고대로	MAG
연말	NNG
사지	NNG
김풍	NNP
연복	NNG
불리우	VV
귀한	VA+ETM
심혈	NNG
당뇨	NNG
더없이	MAG
해조류	NNG
다는데	EC
지겨울	VA+ETM
떨어뜨렸	VV+EP
미세먼지	NNP
생김치	NNG
그만큼	MAG
닭똥집	NNG
으스러질	VV+ETM
함박	NNG
틸	NNP
아슬리	NNP
몽골리안	NNP
먹지	NNG
쓱	MAG
부어요	VV+EF
프라이어	NNP
맘껏	MAG
신동엽	NNP
비스듬	XR
여드	EC+VX
잠겨	VV+EC
호박전	NNG
역전	NNP
그어주	VV
라고요	EC
시댁	NNG
뒤져	VV+EC
이밥	NNG
발견	NNG
깜놀	NNG
흔한	VA+ETM
샥	MAG
쓰리	NR
코스	NNG
프레시안	NNP
완소	NNG
파워	NNG
누텔라	NNP
나와야	VV+EC
다른데요	VA+EF
질척이	VV
인식	NNG
블랙커피	NNG
우박	NNG
생일	NNG
상차림	NNG
뽀득뽀득	MAG
왜냐면	MAJ
뻔	NNB
덧대	VV+EC
라지요	EC
스터프드	NNP
짝꿍	NNG
마로	NNG
손쉬운	VA+ETM
수퍼	NNP
우수	XR
활성산소	NNP
남성	NNG
바사삭	MAG
만났	VV+EP
귀차	NNG
니즘	NNG
퇴근길	NNG
세유	EP+EC
어유	EC
읕	UNKNOWN
당일	NNG
발라진	VA+EC+VX+ETM
알마	NNP
즉석	MM
몰라	VV+EF
진동	NNG
크러스트	NNG
밀어두	VV
땡겨	VV+EC
둥지냉면	NNP
버무립니다	VV+EF
밥공기	NNG
저거	NP
쓱싹	MAG
김치전	NNG
따라했	VV+EP
팁	NNG
노지	NNG
니께	EC
반전	NNG
드릴	VV+ETM
차슈	NNG
자태	NNG
자릅니다	VV+EF
배추쌈	NNG
아쉬웠	VV+EP
계란빵	NNG
발렌타인데이	NNG
담뿍	MAG
기온	NNG
부지런히	MAG
알려진	VV+EC+VX+ETM
터뜨려	VV+EC
엉망	NNG
브리또	NNP
터트리	VV
휴가지	NNP
계실	VX+ETM
직사각형	NNG
차릴	VV+ETM
쇼가야키	NNP
띈	VV+ETM
칩스	NNP
원소병	NNG
기다란	VA+ETM
찔렀	VV+EP
율란	NNG
소떡	NNG
휴일	NNG
접목	NNG
애피타이저	NNG
노하우	NNG
스러웠	XSA+EP
느껴진다	VV+EC+VX+EC
부탕	NNG
미국식	NNG+NNB
공갈빵	NNG
손님	NNG
갈라진	VV+ETM
더위	NNG
도저히	MAG
세끼	NNG
박신혜	NNP
묻혀진	VV+EC+VX+ETM
상투	NNG
거라	EC
가첨	NNG
자구이	NNG
담날	NNG
낙지볶음	NNG
아이스바	NNG
재료비	NNG
콩나물밥	NNG
드릴까	VX+EC
만드셨	VV+EP+EP
극대	NNG
그리고는	MAJ
맨입	NNG
출근	NNG
분명	MAG
요걸	NP+JKO
통감	NNP
루비	NNG
자청	NNG
린저	NNP
핫바	NNP
업로드	NNG
저렇	VA
섭하	VA
부진	NNG
오도독	MAG
심심풀이	NNG
홀라당	MAG
아낌없이	MAG
약통	NNG
수험	NNG
기사	NNG
찹찹	XR
펼	VV+ETM
타락죽	NNG
보양	NNG
까레	NNP
회사	NNG
넉	NR
풍덩	MAG
분여	NNG
친가	NNG
명절날	NNG
나트	NNP
비아	NNG
비아나	NNP
짭쪼름하게요	UNKNOWN
브루스	NNP
게타	NNP
타조	NNG
까다로운	VA+ETM
불립니다	VV+EF
참으로	MAG
남방	NNG
명물	NNG
클로	NNP
코코뱅	NNP
뜨끈뜨끈	MAG
돋워	VV+EC
을게요	EC
밥숟갈	NNG
익음	NNG
태포	NNG
오로지	MAG
애호	NNG
박국	NNG
마당	NNG
붙여진	VV+ETM
요로코롬	MAG
옳	VA
페	UNKNOWN
파반	NNG
콩밥	NNG
소불	NNG
구경	NNG
이빨	NNG
중점	NNG
두루두루	MAG
김호윤	NNP
권우	NNG
쥐똥	NNG
민망	XR
먹여	VV+EC
려구	EC
어라	EC
뉴욕	NNP
당신	NP
통해	VV+EC
더하기	NNG
개도	NNG
적극	NNG
단팥빵	NNP
부타동	NNP
마져	MAG
춘곤증	NNG
어야지요	EC
뺑	MAG
체험	NNG
학습	NNG
나갔	VV+EP
요걸로	NNBC+JKB
닭튀김	NNG
가라아게	NNP
무지개떡	NNG
생신	NNG
돌려준다	VV+EF
케이스	NNG
흔들리	VV
다운	XSA+ETM
아픈	VA+ETM
거뜬	XR
유와	NNG
이리	NP
한계	NNG
장착	NNG
들어내	VV+EC
열풍	NNG
오야코동	NNP
활동	NNG
옐로우	NNP
그럴싸	XR
이동	NNG
채도	NNG
싹둑싹둑	MAG
이래서	VV+EC
건식	NNG
들어온	VV+ETM
보골	NNG
안토시아닌	NNP
약약	XR
이뇨	NNG
맞췄	VV+EP
뭍게	NNG
뿌셔	VV+EC
제누아	NNP
마시멜로	NNG
딱이	MAG
담겨	VV+EC
양희은	NNP
그럴싸한	VA+ETM
갈빗살	NNG
다구요	EF
증기	NNG
에필로그	NNG
할라페뇨	NNP
뭉쳐져	VV+EC+VX+EC
뿌리채소	NNG
감자찌개	NNG
무장아찌	NNG
품격	NNG
플로	NNG
망드	NNP
심한	VA+ETM
램	NNG
투명색	NNG
완전식품	NNG
장기	NNG
텔레비전	NNG
보여야	VV+IC
니쉬	NNP
스페인	NNP
접히	VV
럭비공	NNG
어떠신가요	VA+EP+EC
나쵸	NNP
바퀴	NNBC
솟	NNG
무한	NNG
제안	NNG
국화꽃	NNG
마고	EC
주루룩	MAG
변했	VV+EP
모유	NNG
살캉	XR
사우나	NNG
닭곰탕	NNG
차승원	NNP
외출	NNG
껀디	NNBC+VCP+EC
나유	EC
네유	EC
됩니다요	XSV+EF
녘	NNB
빼빼로	NNP
좋아한다면	VV+EC
설도	NNG
태미	NNP
마카롱	NNG
폴	NNG
망칠	VV+ETM
그릭	NNP
들이부	VV
내리쳐서	VV+EC
짭쪼름하면서	UNKNOWN
하겔	NNP
일으키	VV
기미	NNG
파먹	VV
이러	VV
이혜정	NNP
연구가	NNG
통구이	NNG
이오	NNG
소한	NNG
발란스	NNP
인원수	NNG
흐트려	VV+EC
는데도	EC
샤샤	NNP
럭	NNG
려니	EC
나면	EC
고등어조림	NNG
모바일	NNP
카카오스토리	NNP
페북	NNP
페이지	NNG
편집	NNG
구독	NNG
페이스북	NNP
예뻐서	VA+EC
오징어무침	NNG
스무디	NNP
쬐금	MAG
중기	NNG
후기	NNG
푸릇푸릇	MAG
증강	NNG
말복	NNG
했으나	XSV+EP+EC
출력	NNG
상이	NNG
못지않	VA
왜냐하면	MAJ
졸아드	VV
접하	VV
반투명	NNG
분안	NNP
드르륵	MAG
살림	NNG
이른	VA+ETM
깻잎나물	NNG
멜론빵	NNP
을려고	EC
리아	NNP
편안	NNG
추국	NNG
꺼리	NNG
육포	NNG
우러나온	VV+ETM
물러진	VV+ETM
번거로운	VA+ETM
진도	NNG
요오드	NNG
강력	NNG
마카로	NNP
길쭉길쭉	MAG
바꾼	VV+ETM
파닭	NNP
스텐	NNG
드라마	NNG
모자르	VV
계란장조림	NNG
만인	NNG
오이깍두기	NNG
놔요	VX+EF
때가	VV
바움쿠헨	NNG
깜빡했	VV+EP
쪼르륵	MAG
늘어날	VV+ETM
으셨을	EP+EP+ETM
찔러줍니다	VV+EF
누들	NNG
해줘서	VX+EC+VX+EC
둥지	NNG
학창	NNG
투썸	NNP
나들이	NNG
사고	NNG
파르르	MAG
잉글리쉬	NNP
호텔	NNG
조밀	XR
당황	NNG
카번	NNP
해시	NNG
패스트푸드	NNG
엄청나	VA
물리	VV
예상	NNG
껍니다	UNKNOWN
당연히	MAG
우러나와	VV+EC
미백	NNG
뭇국	NNG
척척	MAG
사리면	NNP
접착제	NNG
구워냈	VV+EC+VX+EP
넷	NR
약병	NNG
죽죽	MAG
득한	VV+ETM
지와	NNG
대해	VV+EC
으셨다면	EP+EP+EC
생활	NNG
단순히	MAG
나서	VV
주인공	NNG
나초	NNP
짭조롬	UNKNOWN
푸티	NNP
농익	VV
마성	NNG
라며	EC
멈출	VV+ETM
내줄	VV+ETM
끝낸	VV+ETM
지겨우	VA
평상시	NNG
부기	NNG
떠올리	VV
라이즈	NNP
길거리	NNG
찬바람	NNG
통삼	NNG
풀려	VV+EC
새우깡	NNP
자숙	NNG
드빈	NNP
밀푀유	NNP
나베	NNG
잎사귀	NNG
쌓인	VV+ETM
미리미리	MAG
엉겅퀴	NNG
도착	NNG
쏴	VV+EC
짜증	NNG
콥	NNG
마신	VV+ETM
다용도	NNG
끓여졌	VV+EC+VX+EP
별거	NNG
고속도	NNG
크림빵	NNG
보너스	NNG
파삭파삭	MAG
군산	NNP
어머니	NNG
싱그러움	VA+ETN
어울림	NNG
우엉조림	NNG
사그라들	VV
김치밥	NNG
빵집	NNG
압박	NNG
쥐포	NNG
숑	UNKNOWN
저려	VA+EC
춤	NNG
임박	XR
보드라운	VA+ETM
보트	NNG
레모네이드	NNG
겉이	MAG
묵무침	NNG
무쳐도	VV+EC
쌉싸롬한	UNKNOWN
충	NNG
기관지	NNG
다면서	EC
예술	NNG
도토리	NNG
지내	VV
장닭	NNG
별식	NNG
들들	MAG
장치	NNG
마른오징어	NNG
델	VV
차곡	MAG
들으면	VV+EC
수요	NNG
식회	NNG
대장	NNG
때우	VV
싹싹	MAG
아닌데	VCN+EC
프레	NNP
반통	NNG
할까봐	XSA+EC+VX+EC
라멘	NNG
결과물	NNG
이열치열	NNG
무더위	NNG
쫄이	VV
언능	MAG
싹뚝	MAG
답례품	NNG
유치원	NNG
난다는	VX+ETM
키로	XSV+ETN+JKB
샘킴	NNP
퇴근	NNG
파순	NNG
사이트	NNG
캠	NNG
핑장	NNP
옵션	NNG
포레스트	NNP
토르티야	NNP
설겅설겅	MAG
노르웨이	NNP
등장	NNG
드키	EC
후리카케	NNP
이음새	NNG
속풀이	NNG
지쳐	VV+EC
체스트넛	NNP
모금	NNBC
여운	NNG
향시	NNG
스티	NNP
계란죽	NNG
양죽	NNG
똑똑	MAG
잡아내	VV
노추	NNG
손님맞이	NNG
부끄럽	VA
날까	VV+EC
신다고	EP+EC
다져진	VV+EC+VX+ETM
크랩	NNG
뒹굴뒹굴	MAG
무지무지	MAG
아쉽	VA
둘러앉	VV
귀리	NNG
달궈서	VV+EC
아노	NNG
전제	NNG
커피믹스	NNP
여섯	NR
대봉	NNG
롤인	NNG
대용량	NNG
올려둔	VV+EC+VX+ETM
거창	XR
알토란	NNG
닷	NNG
꼬꼬	MAG
누가	NP+JKS
생정	NNG
공통	NNG
출연	NNG
따라오	VV
뭣	NP
도둑	NNG
쫄아들	VV
푸짐히	MAG
부모	NNG
눌려	VV+EC
까나	EF
모여	VV+EC
넓적다리	NNG
브래드	NNP
과음	NNG
옹심이	NNG
구애	NNG
사블레	NNG
남성렬	NNP
쟈	EC
깔려	VV+EC
는지라	EC
봉긋	MAG
쓰윽	MAG
가져다	VV+EC
썰린	VV+ETM
인디	EC
설정	NNG
놀래	VV
놨어요	VX+EP+EF
핫초코	NNP
소죽	NNG
제입맛에	NP+JKG+NNG+JKB
치우	VX
귀욤	NNP
포켓	NNG
실행	NNG
옮겼	VV+EP
자어	NNG
언젠가	MAG
보루	NNG
매시트포테이토	NNG
실래요	EP+EC
플랫	NNG
빵이	NNG
즐겼	VV+EP
멈춰	VV+EC
점선	NNG
변형	NNG
선보였	VV+EP
뭉침	UNKNOWN
빅마마	NNP
키포인트	NNG
양껏	MAG
채소전	NNG
후끈	MAG
채밥	NNG
초동	NNG
바지	NNG
잠자	VV
뵈	VV+EC
책임지	VV
잔치	NNG
손수	MAG
투자	NNG
황사	NNG
아욱죽	NNG
짱아	NNG
포카	NNP
카모	NNP
짜넣	VV
어찌	MAG
애정	NNG
아위	NNG
쥬키	NNP
탓	NNG
저격	NNG
지글	XR
결국	NNG
열리	VV
물컵	NNG
아로	NNP
문득	MAG
클릭	NNG
당첨	NNG
가지나물	NNG
무시래기	NNG
장지	NNG
이래	NNB
간고기	NNG
가라	EC
콜드	NNG
산마늘	NNG
슉	NNP
야참	NNG
못난이	NNG
책임져	VV+EC
로부터	JKB
깼	VV+EP
아마도	MAG
풍치	NNG
최상	NNG
쌍둥이	NNG
파강회	NNG
유독	MAG
볶이	VV
프레드	NNP
바빠서	VA+EC
고기전골	NNG
어김없이	MAG
파니니	NNP
바타	NNP
혹여	MAG
홍삼	NNG
약선	NNG
남겼	VV+EP
비웠	VV+EP
공감	NNG
아귀찜	NNG
전수	NNG
뻗	VV
시커멓	VA
만일	MAG
폭폭	MAG
완자탕	NNG
무위	NNG
터널	NNG
재탄생	NNP
요대	NNG
굉장	XR
수만	NR
붙였	VV+EP
자면	EC
짭쪼롬하니	UNKNOWN
골국	NNG
알찬	VA+ETM
리기	NNG
호박잎쌈	NNG
커드	NNG
리유	NNG
더치	NNG
섭씨	NNG
스키야키	NNP
수업	NNG
자주색	NNG
로켓	NNG
라따뚜이	NNP
안달루시아	NNP
시몬	NNG
사케	NNP
추워서	VA+EC
냐고	EC
삼합	NNG
어든	EC
걸렸	VV+EP
파트	NNG
오지	VV
초이	NNP
그인	NP+JX
까먹	VV
문어숙회	NNG
팟	NNG
롯	NNP
폴리	NNG
페놀	NNG
주성분	NNG
똥집	NNG
럿	UNKNOWN
셔벗	NNG
밀크티	NNP
자허토르테	NNP
뽐낸다	VV+EC
부들	XR
오이지무침	NNG
작히	MAG
유호	NNG
제니	NNP
로드	NNG
홈런	NNG
돌려줬	VV+EP
다가올	VV+ETM
슴당	EF
날릴	VV+ETM
부슬부슬	MAG
득	MAG
짜낼	VV+ETM
유산	NNG
감자수	NNG
뚝딱뚝딱	MAG
일쑤	NNG
리우	NNP
올림픽	NNP
응원	NNG
최서원	NNP
참가자	NNG
장마철	NNG
등살	NNG
유린기	NNG
히토	NNP
여전히	MAG
초기	NNG
시력	NNG
하와이안	NNG
원기둥	NNG
떡소	NNG
업사이드	NNP
화풍	NNG
오세득	NNP
동태찌개	NNG
타이트	NNG
고추잡채	NNG
한간	NNG
동생	NNG
미친	VV+ETM
기침	NNG
맥적	NNG
올방개	NNG
스팅	NNP
체중	NNG
자자	IC
그야말로	MAG
부턴	JX+ETM
넛츠	NNP
아코디언	NNG
벌어져서	VV+EC
오래간만	NNG
콜렛	NNP
구아바	NNP
스승	NNG
화씨	NNG
크로크	NNP
무슈	NNP
침샘	NNG
장마	VV
촉	NNG
위로	NNG
교자	NNG
실하	VA
위염	NNG
자이	NNG
점심때	NNG
생지	NNG
실한	VV+ETM
태양초	NNG
올라서	VV+EC
치워	VV+EC
보울	NNP
간소	XR
모락모락	MAG
장인	NNG
깨뜨려서	VV+EC
면실	NNG
애서	NNG
숩	NNG
뒤늦	VA
레이어드	NNG
수확	NNG
줄려고	VX+EC
몽골	NNP
카포네	NNP
고기만두	NNG
뿅뿅	MAG
바래	VV
양질	NNG
안동	NNP
프리카	NNP
아우성	NNG
타닌	NNG
모자른	VV+ETM
디톡스	NNP
어간장	NNG
후라이드	NNP
크루아상	NNG
고량주	NNG
비하	VV
끓여진	VV+EC+VX+ETM
중화요리	NNG
프랜	NNP
둥그렇	VA
통상	MAG
흐트러	VV+EC
욜	NNP
개별	NNG
무궁무진	XR
채끝	NNG
플레이트	NNG
김혜숙	NNP
대첩	NNG
전남	NNP
쭈꾸미볶음	UNKNOWN
앞두	VV
자그마	XR
미라	NNG
발목	NNG
닭도리탕	NNG
당길	VV+ETM
파팔레	NNP
팔레	NNG
등급	NNG
최상급	NNG
단점	NNG
해봐요	VV+EC+VX+EC
편견	NNG
걸맞	VA
고재	NNG
이뤘	VV+EP
필레	NNG
존도리	NNP
벨기에	NNP
박준우	NNP
호평	NNG
충실	NNG
윗동	NNG
진해졌	VA+EC+VX+EP
우죽	NNG
은지라	EC
젊	VA
부쳐진	VV+EC+VX+ETM
잘라요	VV+EF
떠올려	VV+EC
쑨	VV+ETM
김국	NNG
뽀드득	MAG
목욕	NNG
갈증	NNG
김장철	NNG
소바	NNP
스러움	XSA+ETN
버금가	VV
쪄요	VV+EF
까다롭	VA
휘둘러	VV+EC
했으니	VV+EP+EC
뇨키	NNP
손목	NNG
스냅	NNG
휑	MAG
에용	EF
리틀	NNP
계란밥	NNG
옮긴	VV+ETM
림프	NNG
사비	NNG
커피포트	NNG
끼니	NNG
선보이	VV
파국	NNG
짬	VV+ETN
름	UNKNOWN
고마운	VA+ETM
맞이	XR
부패	NNG
군고구마	NNG
히어로	NNG
편의점	NNG
폭탄	NNG
기록	NNG
노각	NNG
오호	IC
배치	NNG
엊그제	MAG
솔치	NNG
그리스	NNP
에피	NNP
조차	JX
낙	NNG
쌀눈	NNG
가정집	NNG
닥터	NNG
기다린다	VV+EC
전란	NNG
피케	NNG
호밀빵	NNP
벽면	NNG
욕	NNG
심술	NNG
들깨죽	NNG
차암	IC
지유	NNG
불구	XR
줄거리	NNG
무염식	NNG
메밀전	NNP
몸보신	NNG
복요리	NNG
질릴	VV+ETM
윌튼	NNP
꼬끄	NNP
쳐지	VV
농후	XR
스노우볼	NNG
묵사발	NNG
쌍화탕	NNG
스트로	NNG
이젤	NNG
운향	NNG
징허	VA
겁나게	MAG
벌라	NNP
으믄	EC
스탈	NNP
재현	NNG
동의보감	NNP
마루	NNG
부르스	NNP
류바	NNP
위에	NNG
스파이	NNG
아와	NNP
봉합	NNG
오랫만	NNG
굴국	NNG
아지지	EC
부쩍	MAG
구르	NNG
훗	IC
무짠지	NNG
도라	NNG
올려져	VV+EC+VX+EC
홀딱	MAG
새우탕	NNG
고기소	NNG
무섭	VA
슬라이	NNP
약국	NNG
반근	NNG
둥글넙적	XR
멈췄	VV+EP
짭쪼름하면서도	UNKNOWN
요고	NP
봄봄	NNG
미지	NNG
슈카	NNP
맑은국	NNG
나뉘	VV
천왕	NNG
페투치니	UNKNOWN
잡혔	VV+EP
통인	NNG
어울렸	VV+EP
어렸	VA+EP
뼈다귀	NNG
딸랑	MAG
특급	NNG
스텐실	NNG
꽃등심	NNG
섞여진	VV+EC+VX+ETM
저걸	NP+JKO
통닭	NNG
접할	VV+ETM
분자	NNG
로스팅	NNG
아침밥	NNG
다이스	NNG
장비	NNG
레페	NNP
장수	NNP
꺼라	VV+EC
갈라질	VV+ETM
고로	MAJ
닭볶음밥	NNG
더덕구이	NNG
원활	NNG
초등학생	NNG
체력	NNG
요러	XR
맨밥	NNG
뜨뜻	XR
쁙	UNKNOWN
유난히	MAG
갈비탕	NNG
흥건히	MAG
최현석	NNP
유양	NNG
버섯전골	NNG
퍼졌	VV+EP
월등히	MAG
정신없이	MAG
세종	NNP
났으면	VV+EP+EC
물회	NNG
놨다	VX+EP+EC
콩나물죽	NNG
포채	NNG
닭조림	NNG
정해	VV+EC
다노	NNP
얼갈이배추	NNG
이마트	NNP
미역무침	NNG
터베이	NNP
카페모카	NNP
대중	NNG
불어나	VV+EC
야매	NNG
주자	NNG
스크림	NNP
로데이	NNP
달걀죽	NNG
스티커	NNG
행은	NNG+JX
서포터	NNG
베네딕트	NNP
물들	VV
과도	NNG
읍	NNG
는디	EC
따악	MAG
카르	NNG
초계	NNG
국가	NNG
우아	XR
타이머	NNG
울리	VV
돌입	NNG
베스트	NNG
분양	NNG
리크	NNG
가지찜	NNG
맞춤	VV+EC
더라	EC
싱가포르	NNP
리락쿠마	NNP
셀레늄	NNG
칼초	NNP
너티	NNG
페어링	NNG
페퍼민트	NNG
카차	NNP
토레	NNP
사냥	NNG
감바	NNG
히요	MAG
엘라	NNP
아히	IC
입혔	VV+EP
공급	NNG
따지	VV
조또	IC
아포가토	NNP
호롱	NNG
벨벳	NNG
가토	NNG
반하	VV
엣지	NNG
더란	ETM
틴	NNG
건문어	NNG
마롱	NNG
메티에	NNG
람	EC
녹였	VV+EP
복음	NNG
스르르	MAG
자알	MAG
아플	VA+ETM
다행히	MAG
아유	EC
꽃송이	NNG
가지전	NNG
뽕잎	NNG
버물려	VV+EC
양만	NNG
팬케익	NNP
근디	MAJ
킥	NNG
샴	EC
북엇국	NNG
볼리비아	NNP
페페론치니	NNP
스모크	NNG
오이김치	NNG
프라이드	NNG
완존	NNG
캄파나	NNP
바바로아	NNP
곤드레	MAG
렌즈콩	NNP
전주식	NNP
초복	NNG
호흡기	NNG
비름나물	NNG
물방울	NNG
도자기	NNG
아무튼	MAJ
청량감	NNG
계피차	NNG
신전	NNG
만든다고	VV+EC
밀떡	NNG
물통	NNG
세프	NNP
곰취	NNG
랜치	NNP
파르페	NNG
홍석천	NNP
기다려야	VV+EC
쿼사	NNP
벤치	NNG
싱그럽	VA
눈길	NNG
타이거	NNG
피낭시에	NNP
잇몸	NNG
언두부	NNG
미니버	NNP
장죽	NNG
남다른	VA+ETM
호두스	NNP
부견	NNG
지라시	NNG
착즙	NNG
마의	NNG
방풍나물	NNG
마켓	NNP
빠방	MAG
콸콸	MAG
무쇠	NNG
옮길	VV+ETM
닙스	UNKNOWN
앙글레즈	NNP
요로콤	MAG
원정	NNG
월병	NNG
사탕수수	NNG
해찬들	NNP
명품	NNG
코티즈	NNP
김치죽	NNG
계탕	NNG
튤립	NNG
레트	NNG
조기조림	NNG
이북	NNG
부슬	XR
수양	NNG
숲	NNG
신면	NNG
덮혀	VV+EC
남음	NNG
가했	VV+EP
뻇다를	UNKNOWN
새우젓찌개	NNG
흘러내린	VV+ETM
이삭	NNG
펩시	NNP
우무채	NNG
최화정	NNP
신도림	NNP
오이생채	NNG
기라	NNG
실은	MAG
가스파	NNP
알밤	NNG
에클레어	NNP
브레스트	NNP
경주	NNG
눈꽃	NNG
통살	NNG
추전	NNG
이맘때	NNG
사와	NNG
쟁반국수	NNG
사계절	NNG
해당	NNG
배송	NNG
친근	XR
예랑	NNP
여그	NP
슴돠	EF
요잉	EF
따라와	VV+EC
규동	NNP
소소	XR
라벤더	NNG
석박	NNG
페타	NNP
위대	NNG
경장	NNG
화이	NNG
신년	NNG
더할	VV+ETM
요놈	NP
산타	NNG
근위	NNG
펌	NNG
매생	NNG
집중력	NNG
단전	NNG
나노	NNP
파베	NNP
키워	VV+EC
교리	NNG
공법	NNG
홀란다	NNP
벚꽃	NNG
페용기에	UNKNOWN
마멸	NNG
코츠	NNP
이따	MAG
굴죽	NNG
기세	NNG
배춧국	NNG
오키나와	NNP
타코라이스	NNP
웰던	NNP
트레이더	NNG
찰싹	MAG
어버이날	NNP
부각	NNG
새우찌개	NNG
벌렁	MAG
뱃	NNP
향설고	NNG
퓨리어	NNP
얼렁뚱땅	MAG
참새우	NNG
크루	NNP
약밥	NNG
춘빙	NNG
고참	NNG
햄버그스테이크	NNG
리바	NNP
치탕	NNG
이김	VV+ETN
라벨	NNG
아롱사태	NNG
타워	NNG
제육무침	NNG
진짜루	MAG
세네갈	NNP
송송이	NNG
바이젠	NNP
무사카	NNP
물부추	NNG
쁘띠	NNP
울금	NNG
고기야채죽	NNG
